ad_id,color_tone,lighting_mood,composition_style,visual_style_tag,emotional_tone,narrative_structure,ad_pacing,character_setup,has_narrative_twist,setting,product_visibility,symbolic_representation,slogan,language_style,verbal_technique,key_linguistic_element1,key_linguistic_element2,industry_category,is_clothing_industry,is_personal_care_industry,product_type,marketing_strategy,brand_positioning,unique_selling_proposition,gender_target,age_group,cultural_context,lifestyle_segment,socioeconomic_indicator,primary_audience,secondary_audience,Final Sentiment
tHoYKy1GMgM,650,525,318,282,394,147,126,14,0,99,1,88,731,55,54,193,668,11,0,0,380,54,528,679,2,8,164,273,10,20,279,Neutral
K2Gj9BufAqo,115,502,624,242,66,550,258,566,0,237,1,377,383,35,111,717,12,25,0,0,376,96,621,9,2,3,253,446,25,308,140,Neutral
XZmMvVCcW0M,302,184,374,205,207,391,77,528,0,360,1,626,713,126,162,295,369,11,0,0,108,389,188,138,2,8,567,21,47,312,32,Positive
YKzk1h7qrj8,103,38,73,690,482,141,32,4,0,655,1,604,407,43,43,488,210,7,0,0,409,313,206,834,2,2,278,207,10,180,348,Neutral
IAIo-pUDl0s,90,6,615,191,451,490,103,230,0,258,0,39,282,300,189,540,375,19,0,0,323,103,216,507,2,3,478,380,41,155,49,Positive
GAoeGC-eL4I,614,514,539,54,73,123,178,389,1,538,1,45,730,43,51,141,117,11,0,0,67,54,494,118,2,3,545,424,41,103,419,Positive
gKCScoG83SA,307,528,582,132,123,123,15,556,0,411,1,140,139,79,187,455,175,11,0,0,370,101,109,664,2,3,277,318,37,51,149,Neutral
94BqlDQ-Ppo,284,486,346,602,186,369,224,749,0,691,0,73,730,269,160,800,564,12,0,1,167,108,119,159,2,3,265,167,52,232,148,Neutral
nUC1QA5gRcU,146,487,499,314,328,60,31,85,1,718,1,656,45,55,110,370,505,2,0,0,154,255,405,620,2,3,125,329,1,254,383,Neutral
KM3Yx-5Ymiw,395,410,69,541,384,247,199,436,0,524,1,831,155,21,162,282,320,7,0,0,24,406,4,171,2,8,576,60,47,18,341,Neutral
laBjQ9uJDg8,558,31,228,358,277,123,31,325,0,745,1,260,174,43,230,410,726,29,0,0,211,193,9,382,0,3,181,453,41,368,219,Neutral
eIUD_NE1BDo,582,453,559,440,129,412,199,533,0,231,1,376,607,109,228,150,469,25,0,0,121,300,339,408,2,8,583,193,64,416,429,Positive
M0zdJOM_5Vg,641,25,361,90,226,208,168,70,0,270,1,889,580,39,191,192,71,7,0,0,412,409,35,16,2,8,577,9,47,330,470,Neutral
_fHqcDASbGs,527,12,26,316,316,76,26,767,0,510,1,729,114,43,80,694,518,11,0,0,195,230,126,863,2,3,432,175,41,215,464,Neutral
sfB-glrgn5o,289,515,621,615,379,123,121,274,0,133,0,797,338,69,216,802,461,2,0,0,6,54,403,327,2,3,121,325,32,89,83,Positive
QKZ7asNNhcI,218,293,311,641,374,123,34,136,0,65,1,288,570,55,213,692,537,25,0,0,256,54,500,687,2,8,621,517,41,375,338,Neutral
Mc-XvA9sNKU,234,323,141,231,582,433,22,80,1,357,1,392,300,77,166,432,58,25,0,0,455,255,30,8,2,3,256,446,26,308,60,Neutral
Cl--5P79iRs,95,170,342,644,216,565,65,308,0,137,1,309,37,55,114,827,398,11,0,0,67,176,235,858,2,8,489,453,37,375,382,No Comment
B4QI0VzbkHk,713,493,300,428,172,516,133,518,0,479,1,679,765,74,27,757,253,2,0,0,154,36,304,460,2,3,257,336,50,161,83,Neutral
XtFI7SNtVpY,638,529,536,151,567,483,199,103,0,579,0,225,730,274,170,788,262,7,0,0,177,407,153,319,2,8,246,236,10,306,251,Neutral
vDHNMqOLw_o,461,407,291,287,317,14,26,724,0,474,1,557,499,55,159,591,528,17,0,1,292,230,579,557,1,3,370,365,47,258,328,Positive
AKbXPXOQAmQ,515,43,180,572,469,119,121,310,0,306,1,846,469,87,54,82,76,7,0,0,67,82,385,248,1,3,562,269,41,214,25,Neutral
jqtWWWhIMas,239,155,192,187,357,504,74,332,0,789,1,514,409,130,191,70,334,11,0,0,216,232,505,642,2,8,645,417,47,375,440,Neutral
AOxm8LmH7Y4,250,273,590,609,256,141,199,684,0,452,0,230,487,29,216,460,293,7,0,0,374,101,515,542,2,8,244,491,52,375,254,No Comment
sn4_CjtmQKw,351,462,102,515,621,136,21,790,0,584,0,582,247,26,100,557,491,11,0,0,113,243,179,686,2,3,261,176,37,51,149,Negative
zN8naTqX3TI,141,12,549,417,302,450,251,138,0,463,1,27,768,184,229,62,366,12,0,1,8,54,347,410,2,3,329,275,41,294,281,No Comment
PqgaQ9WnJSI,4,487,132,414,635,141,246,198,0,328,1,62,288,56,179,720,352,25,0,0,202,116,679,694,2,3,334,515,33,175,297,No Comment
HjP7A2AWgZI,205,321,137,167,246,249,56,585,1,101,0,201,686,122,228,347,533,7,0,0,45,408,202,213,2,2,279,4,10,184,251,No Comment
b0Ezn5pZE7o,7,85,182,194,177,503,195,258,0,732,0,807,633,4,222,835,723,24,1,0,48,142,221,588,0,8,64,45,47,413,209,Positive
sIAnQwiCpRc,22,7,631,180,213,153,66,519,0,470,1,268,185,105,27,39,41,11,0,0,370,401,51,81,2,8,354,70,69,13,456,Positive
YPV7X8_zKfc,595,23,654,699,373,373,235,298,0,291,0,68,40,169,131,483,196,11,0,0,214,367,694,230,2,8,657,414,47,394,149,Neutral
eppEgrmFacQ,82,353,36,98,422,551,279,127,0,577,1,511,719,91,230,509,423,11,0,0,67,286,42,66,2,3,124,52,41,80,409,Neutral
CMaispXEh94,153,312,137,148,537,440,199,28,0,200,0,291,446,57,229,755,342,29,0,0,163,101,193,827,2,3,516,539,41,351,299,Neutral
xxNxqveseyI,622,482,571,355,655,123,9,415,0,440,1,197,702,26,51,25,295,25,0,0,364,336,125,469,2,3,432,517,41,51,464,Neutral
5UiFkOJoP-8,65,12,418,205,209,52,76,75,0,751,1,356,629,55,207,250,188,29,0,0,299,54,399,238,2,3,604,328,50,348,29,Neutral
9Yp0yN8UxVg,10,359,129,141,650,428,293,273,0,546,0,316,638,135,12,590,450,20,0,0,332,15,615,156,2,3,192,489,52,361,150,No Comment
EZqmBcqDkyw,483,8,510,364,545,64,125,132,0,433,1,817,789,45,111,24,371,25,0,0,5,338,347,293,2,3,429,258,41,112,320,Positive
BkXHqihY4RE,681,518,500,456,306,123,10,840,0,330,1,806,88,45,229,281,548,11,0,0,75,399,362,307,2,8,438,273,41,375,149,No Comment
7BgcG_l9J0A,203,297,183,652,602,324,216,34,0,209,0,417,149,120,75,74,284,7,0,0,177,405,301,451,2,8,321,207,52,39,20,Neutral
UEx75kcWgxc,21,92,623,146,32,141,121,276,1,82,1,390,17,31,72,447,347,24,1,0,63,392,490,92,2,8,562,14,41,101,417,Neutral
Neul4wINfUQ,606,70,436,359,404,465,187,846,0,135,1,526,373,257,213,684,513,11,0,0,100,101,406,499,0,8,445,298,41,412,117,Neutral
WmpmKkRDQZg,376,378,94,109,453,517,121,613,0,44,0,499,497,43,12,356,734,12,0,1,203,255,73,640,2,8,238,540,37,375,446,No Comment
X-zeJJnS8bw,605,78,64,96,266,144,94,204,0,712,1,215,194,69,67,358,381,11,0,0,74,356,278,381,2,8,472,483,63,291,419,Neutral
gckObDeYpAA,655,462,277,47,301,430,257,227,0,777,0,85,631,42,72,266,304,12,0,1,451,61,120,210,2,3,476,86,47,296,49,No Comment
AV8NXzi5Lj0,600,212,621,506,315,55,140,309,0,352,1,8,709,87,110,83,38,7,0,0,409,243,209,854,2,2,488,207,10,172,10,Neutral
2cK-v7sSiUI,121,12,211,244,373,141,122,506,0,297,1,451,105,43,114,204,441,22,0,0,232,226,290,46,2,3,389,177,41,222,224,Neutral
EjVUaAT1Ftc,260,486,508,99,65,272,205,635,0,506,1,340,28,110,216,840,870,2,0,0,154,120,419,266,2,3,258,88,41,162,334,No Comment
x_gAb7tLoXM,236,532,174,113,337,380,163,48,0,157,1,522,381,161,235,522,722,11,0,0,370,54,445,452,2,8,187,468,10,133,404,Neutral
h5D5BQM6D-M,96,295,687,324,494,449,242,529,0,435,0,4,53,2,199,191,344,14,0,0,251,110,150,153,2,3,39,547,41,137,79,No Comment
APIMNM5X4jA,359,515,478,535,544,200,10,516,0,641,1,30,156,12,148,224,732,11,0,0,369,7,526,746,2,8,653,415,47,375,149,Neutral
1WnJyyyec1g,349,462,557,517,636,141,20,47,0,462,0,838,260,43,211,236,448,22,0,0,207,224,674,73,2,3,141,355,41,221,253,Positive
xNjINFAdmhI,451,518,582,612,356,120,52,597,0,590,1,289,461,77,181,689,242,11,0,0,370,207,501,236,2,3,173,448,41,309,411,No Comment
GtyxWvifru8,386,436,332,645,379,556,234,395,1,636,0,293,730,35,153,657,755,7,0,0,409,279,91,835,2,8,140,331,52,326,244,Neutral
iOXWmZbA2Io,680,502,655,322,291,450,246,216,0,315,1,404,349,30,27,528,144,12,0,1,462,321,14,242,2,3,139,275,54,240,281,Neutral
SAYJqf6Bjio,80,172,46,289,423,481,77,92,0,565,1,619,215,248,80,380,586,7,0,0,45,172,209,447,2,2,269,222,10,169,175,Neutral
h0DQWw26bSg,444,428,402,94,262,449,73,238,0,770,0,756,566,79,230,458,126,10,0,0,418,331,196,165,2,3,57,118,41,333,403,Positive
g0D5MU6_0n0,39,565,453,195,291,419,245,817,0,314,0,165,323,282,191,459,606,24,0,0,402,142,625,628,2,2,249,36,47,400,359,No Comment
4LDn46rb_gc,74,247,42,46,277,123,30,214,0,576,1,703,481,26,54,240,7,11,0,0,378,285,281,527,2,8,442,273,41,375,277,Neutral
Vs0YHD0JoCk,126,32,75,536,373,4,66,737,0,436,1,564,358,256,216,81,512,11,0,0,200,227,50,813,2,8,653,465,41,375,43,Neutral
GxH8dlWyjNU,389,280,579,277,294,280,205,620,0,709,0,2,368,58,22,28,818,21,0,0,208,20,21,310,2,3,51,96,42,173,464,No Comment
tU_vZpbnYF4,559,31,139,280,315,9,142,568,0,779,1,124,131,248,200,520,239,11,0,0,99,251,252,562,2,8,360,448,10,128,293,Positive
kwUJq0DA0xo,696,422,234,572,419,467,246,667,0,702,1,689,774,35,216,726,106,11,0,0,378,314,427,572,2,8,518,136,37,268,16,Neutral
f8LE9gxtxTY,610,27,443,495,518,100,246,584,0,454,1,1,119,58,33,328,202,25,0,0,4,130,347,49,2,3,509,521,41,111,428,Neutral
hUUszE29jS0,284,425,574,268,390,141,48,509,0,766,0,812,422,79,229,468,772,7,0,0,177,59,69,419,2,8,578,388,47,135,35,Neutral
B5lslSPfhkg,543,41,247,172,554,141,20,622,0,150,1,9,159,45,216,357,545,25,0,0,311,101,601,716,2,3,235,519,41,283,76,Positive
TQpwONzpcy4,235,329,573,230,387,140,301,246,0,246,0,562,730,71,63,136,109,7,0,0,175,59,442,450,2,8,93,207,10,14,36,Neutral
eB1m-WogYeg,535,380,586,654,600,408,217,288,0,93,0,435,430,95,53,288,727,7,0,0,170,410,641,20,2,8,594,207,47,345,21,Neutral
VPK_JIM6Hi0,92,154,654,246,222,335,34,141,0,319,0,11,432,197,163,360,633,7,0,0,175,104,144,103,2,8,6,231,23,18,400,Positive
xp5v3-3Hc-E,509,513,677,439,379,414,34,97,0,432,0,188,588,66,54,471,128,7,0,0,39,144,337,336,2,8,602,510,41,383,258,No Comment
wdok0rZdmx4,431,426,11,657,207,16,83,638,0,689,0,296,299,301,216,171,676,7,0,0,33,418,44,348,2,8,101,7,47,40,423,Positive
XgiRUoIsr3E,681,564,552,668,275,81,186,586,0,477,1,154,213,47,208,594,39,11,0,0,185,65,124,768,2,8,609,175,37,375,149,Positive
xXKuSJy5cPE,610,467,109,240,516,141,26,193,0,328,1,40,416,36,216,344,138,11,0,0,78,291,336,144,2,8,367,448,10,120,149,Positive
fIF3ijdpUwI,547,425,23,376,390,188,121,845,1,603,1,590,142,77,10,727,803,11,0,0,370,198,476,4,2,8,53,222,37,309,28,No Comment
mi5RoP1-8-I,441,377,515,655,375,274,199,636,0,550,0,486,437,66,229,766,615,15,0,0,291,101,435,553,2,8,453,68,47,375,342,Neutral
GizRGO3PVD8,44,70,200,705,411,30,114,42,0,155,1,869,64,87,191,729,234,29,0,0,438,54,24,832,2,3,277,539,41,169,461,Neutral
0x-nGdi_3_o,586,244,382,501,427,5,146,102,0,143,1,471,350,43,54,147,551,11,0,0,370,198,525,613,2,8,358,147,67,13,456,Neutral
AJNUI0WqEdE,169,330,642,262,387,345,199,388,0,162,0,458,36,30,228,372,91,7,0,0,34,408,31,751,2,8,92,207,47,41,187,Neutral
h4my8CdjU8w,654,331,427,466,544,527,258,117,0,71,1,763,319,26,200,129,60,11,0,0,67,305,598,660,2,3,546,150,41,79,409,Neutral
D6HUxANY8z8,165,141,57,621,54,492,242,634,0,204,0,605,488,22,27,735,660,7,0,0,291,30,609,281,2,3,559,306,47,238,113,No Comment
jSO-Whn2sCQ,613,478,525,367,83,123,10,665,0,712,1,588,620,58,212,167,447,25,0,0,206,66,63,354,2,3,52,215,37,179,298,Positive
ogLX2heol5E,470,364,48,270,418,397,210,740,0,761,0,857,791,269,153,830,348,8,0,0,291,101,214,106,2,6,271,222,41,285,149,No Comment
rzJPAqhIbXw,301,435,594,166,77,140,155,532,1,547,1,97,325,87,122,386,578,11,0,0,169,56,727,109,2,8,499,578,40,398,382,Neutral
8C4DNSV3IRE,143,266,577,463,628,315,205,633,0,768,0,540,1,52,145,602,760,11,0,0,67,105,104,666,2,3,60,535,10,103,49,Positive
wtR1kB9RXVo,294,196,624,140,524,99,144,56,0,498,1,434,670,166,153,779,815,25,0,0,377,68,695,618,2,8,357,166,47,26,247,Neutral
uJMCNJP2ipI,197,129,631,266,231,137,51,23,0,132,1,117,389,77,49,467,87,7,0,0,282,408,413,142,2,8,188,388,52,18,427,Neutral
5Od0aOse1wc,641,12,355,691,402,45,310,643,0,344,1,643,473,18,191,360,523,22,0,0,212,17,24,710,2,8,147,82,46,391,149,Neutral
7glIC7OaIro,670,355,104,276,289,123,26,803,0,112,0,244,671,58,54,114,308,24,0,0,402,65,315,821,2,2,326,13,52,411,154,Positive
ev82iHoLk8s,279,263,497,659,41,66,95,123,0,480,0,787,276,72,216,765,446,7,0,0,170,101,32,477,2,8,624,8,10,40,22,Neutral
nVUPazjaHl8,470,372,593,704,331,12,13,15,0,556,0,848,457,77,2,149,762,22,0,0,195,230,123,810,2,3,283,175,11,169,308,Neutral
of3GixFUGfI,39,350,128,84,421,439,26,27,0,18,1,875,353,45,174,445,828,7,0,0,390,54,246,183,2,8,567,499,52,204,416,Neutral
wNLhMZuA00c,33,100,102,666,292,45,25,800,0,450,0,315,367,227,216,515,86,12,0,0,324,103,102,154,2,3,330,275,52,292,281,No Comment
GkDreLMZUns,124,439,684,280,315,141,139,661,0,657,0,290,435,43,4,705,782,7,0,0,409,218,90,828,2,8,148,501,54,326,110,Neutral
D1dnw4t23P8,436,330,318,683,392,346,229,552,0,394,1,209,730,288,71,136,155,7,0,0,409,398,502,326,2,3,341,551,41,147,284,Neutral
m4sVnOsXlAA,93,222,142,235,105,460,259,26,0,573,0,252,59,143,219,751,647,20,0,0,333,111,616,264,2,3,40,556,54,0,2,Neutral
AO0aIHyetAw,106,276,589,111,327,141,21,62,0,299,1,712,760,43,181,202,487,11,0,0,295,201,572,576,2,8,490,477,41,18,456,Positive
Ve2miT5iF2M,682,482,501,506,442,123,55,137,0,388,1,103,189,69,114,41,65,11,0,0,215,54,268,117,2,8,481,137,37,375,103,Positive
7ZUT9ftBWI8,132,130,575,435,96,155,76,736,0,375,1,726,554,24,133,514,443,11,0,0,350,70,619,690,2,3,27,139,37,305,210,Positive
EFkCnzboCEM,41,45,105,197,216,180,27,55,0,519,1,159,103,168,84,113,2,7,0,0,392,151,186,704,2,8,567,498,52,204,416,Neutral
Tz-ML9Fxx5o,9,254,535,165,614,396,107,739,0,636,0,791,245,278,230,339,594,5,0,0,291,106,543,541,2,8,532,572,47,340,369,Negative
8btMI_N8v8U,253,538,389,15,588,93,96,50,0,89,0,314,689,158,38,476,648,7,0,0,45,136,614,33,2,8,276,232,10,377,190,Neutral
yHz3lJq1Vu0,328,169,329,681,503,117,69,512,0,772,1,189,505,45,201,15,852,25,0,0,268,117,332,555,2,3,277,513,41,169,456,Neutral
U7h6Vls-uO8,686,22,416,385,279,110,77,130,0,460,1,52,332,51,216,532,848,11,0,0,67,286,39,302,2,3,206,251,41,53,417,Neutral
eAJW_-i4-kc,71,407,455,16,517,123,26,543,0,562,0,22,442,45,216,179,629,24,0,0,326,65,41,401,2,3,96,271,41,100,15,Positive
jct5PVDDUtc,598,172,623,241,658,506,81,195,0,107,0,651,548,61,191,585,110,11,0,0,371,262,72,239,2,8,240,455,10,375,149,Neutral
gqxwX1ZYg58,563,198,489,309,423,74,27,341,0,55,0,790,730,77,12,494,829,7,0,0,44,217,444,488,2,2,284,207,10,180,174,Neutral
8oBHRjnQCFE,642,164,528,13,231,86,91,25,0,598,0,134,730,71,230,391,657,7,0,0,31,422,301,345,2,8,90,495,47,39,13,Neutral
BBIX9FG6kZ0,503,12,543,368,328,39,19,7,1,9,1,104,147,26,114,496,412,11,0,0,106,54,176,45,2,3,22,137,10,130,4,Positive
zo8PQgark7c,98,498,223,245,129,241,26,440,1,183,1,535,386,43,82,416,783,11,0,0,93,206,257,205,2,8,146,139,43,375,149,Neutral
fQ7Az_7pzDM,277,402,376,24,229,15,99,730,0,503,1,196,476,179,224,637,143,2,0,0,327,421,49,551,1,3,104,365,41,83,354,Neutral
vAbLsQGygmc,361,356,191,120,46,495,298,623,0,318,1,655,715,77,225,475,778,21,0,0,342,251,88,164,2,3,155,95,41,221,392,Neutral
1B9LY9zoox0,622,479,274,341,159,459,185,843,0,334,0,733,116,191,200,341,273,7,0,0,288,270,142,278,2,8,231,296,47,393,337,Positive
kIhb5pEo_j0,339,250,186,424,379,543,248,518,0,234,0,650,602,35,228,324,570,25,0,0,135,268,222,715,2,8,586,188,41,242,429,Neutral
ubSnD737JaM,646,26,198,22,485,429,246,297,0,4,1,559,711,47,12,200,501,22,0,0,182,169,458,75,2,3,466,12,41,201,149,No Comment
yBPQ2rxjD7g,284,293,298,338,34,86,307,727,0,248,1,667,454,202,216,659,288,7,0,0,175,104,569,84,2,8,515,234,47,106,133,Neutral
x7qbswwBCDo,76,421,236,386,13,78,137,732,1,701,1,663,626,43,153,45,489,11,0,0,67,199,254,597,1,3,572,151,37,264,220,Neutral
ANarZ_113Xc,129,15,360,208,300,38,186,91,0,542,1,836,250,51,27,713,708,11,0,0,67,387,284,769,2,3,333,34,41,103,145,No Comment
kjVf8ptmDmk,151,61,645,159,349,130,41,396,1,172,1,551,304,287,159,450,3,3,0,1,250,239,68,825,0,8,391,546,46,255,456,Positive
MoVpgtAJHfU,596,487,291,696,595,482,121,462,1,522,1,361,673,55,114,218,547,11,0,0,370,368,452,186,2,8,266,146,10,167,473,No Comment
YchR7cbFuAU,685,487,444,558,541,123,10,32,0,631,1,567,65,43,191,534,176,29,0,0,30,230,455,249,2,3,597,78,50,350,131,Neutral
88tPE7AAUxM,83,351,354,202,402,32,80,222,0,717,1,701,496,26,191,124,705,11,0,0,239,285,498,35,2,3,136,33,41,81,88,Neutral
wlPM7E8uLJ8,494,224,68,288,315,10,112,128,0,468,1,250,410,12,132,112,236,7,0,0,409,429,417,846,2,8,359,255,47,204,317,Neutral
H3EsFtUCOno,681,12,465,314,321,123,10,672,1,323,1,847,784,55,207,799,335,11,0,0,115,246,255,713,2,2,141,260,47,169,456,Neutral
a_-AqDbYOtM,338,89,562,440,379,318,259,537,0,567,0,571,369,35,216,538,27,12,0,1,201,101,628,42,0,3,331,275,52,365,254,No Comment
6g3s16dPsik,57,49,15,368,334,64,31,410,0,693,1,397,229,55,94,453,107,9,1,0,362,251,130,425,2,3,384,18,41,118,95,Neutral
Rp2qgvIbirI,685,487,28,309,333,446,115,735,0,434,1,63,257,87,54,95,46,9,0,0,164,237,643,592,2,8,481,507,41,375,382,Neutral
5L6juLUkwuw,70,431,539,380,356,120,52,77,0,531,1,715,233,79,63,676,8,25,0,0,265,54,372,353,2,3,566,54,41,325,438,Positive
8Bsgj1ihEOg,551,63,90,314,21,435,158,20,0,446,1,536,705,77,83,724,66,22,0,1,165,215,230,525,2,3,150,289,37,249,291,Neutral
9cEiYQwYLPk,329,80,622,674,412,239,94,719,0,139,1,283,683,181,27,319,844,11,0,0,380,277,278,123,2,8,650,42,39,375,440,Neutral
oGnyO_lEW2E,131,27,357,495,414,529,70,408,0,444,1,183,271,14,214,392,69,11,0,0,297,286,282,217,2,3,335,32,41,217,149,Positive
6zolFHbtEew,585,55,538,491,425,112,148,49,0,443,1,428,515,55,207,157,627,22,1,0,190,206,129,425,2,3,1,389,10,209,176,Positive
Zn_sUFnwHDg,122,153,157,296,316,46,186,3,0,444,1,259,168,55,106,628,638,22,0,0,205,54,497,268,2,3,134,287,41,225,7,Negative
DNpd1rAfoCU,469,487,682,596,627,134,205,281,0,402,1,185,465,98,18,643,804,22,0,0,306,340,457,766,2,3,466,343,17,284,146,No Comment
NBuB85VsZfI,283,158,479,545,37,509,298,294,0,474,1,572,414,74,153,132,137,7,0,0,403,395,26,847,2,8,570,53,41,204,418,Neutral
LC5V4aIoWes,254,472,24,273,473,318,205,773,0,621,0,182,222,280,191,162,836,25,0,0,456,101,137,279,2,3,132,184,47,94,311,No Comment
Ha8ofuzpriE,433,306,426,146,391,123,121,59,0,245,1,222,415,74,54,757,337,7,0,0,409,72,381,187,2,8,492,500,41,29,335,Neutral
6uLgF2K2n5M,223,328,566,278,245,547,308,145,0,482,0,312,429,303,54,709,338,7,0,0,209,415,223,565,2,8,347,207,52,227,214,Neutral
jzE68RiXbT8,504,18,551,491,513,115,8,36,0,449,1,42,214,45,111,745,663,3,0,1,116,54,67,400,0,8,357,102,2,412,67,Positive
TTppVzG8gpU,627,393,571,391,280,104,179,177,0,156,1,337,479,57,33,387,691,11,0,0,214,101,406,625,2,3,134,317,41,73,118,Neutral
qXBsJW4LOCQ,264,451,512,149,207,350,259,823,0,227,1,115,298,26,54,126,187,7,0,0,51,57,183,802,2,8,485,208,41,32,83,Neutral
Y7mLeyIETu0,453,417,433,72,355,123,225,745,0,521,1,323,569,79,116,674,378,11,0,0,185,371,177,218,2,3,369,120,41,407,149,Neutral
Cdpf1Dl5b_4,77,432,31,386,356,168,164,715,1,528,1,469,320,87,224,836,61,11,0,0,370,241,273,15,2,8,179,448,37,375,149,No Comment
rnbrFm-B3QI,238,487,318,173,137,512,186,278,0,211,1,740,560,246,191,296,281,11,0,0,107,375,327,559,2,8,109,163,47,375,107,No Comment
4TEKZo6b11M,612,459,540,492,133,56,121,39,0,256,1,735,706,55,104,399,401,12,0,1,356,287,72,376,0,3,540,280,41,366,288,Positive
r2-f-qBcQFs,395,370,554,455,639,144,218,498,0,520,1,146,330,89,216,138,135,11,0,0,330,28,283,571,2,3,336,98,41,217,143,Positive
RIXB-7RHjBY,689,430,218,467,89,196,206,549,0,250,1,592,284,45,204,725,661,11,0,0,349,101,113,295,2,3,19,139,37,203,347,No Comment
zDHBioJ-jQ8,171,146,245,443,51,549,209,520,0,271,1,414,792,264,7,831,282,7,0,0,409,408,219,325,2,8,295,60,47,196,40,Neutral
62EB4JniuTc,8,228,33,568,486,259,223,81,1,411,0,430,345,85,54,820,200,7,0,0,23,314,697,77,2,8,502,207,10,18,452,Neutral
62-rXriXL3Q,15,290,623,136,374,239,209,78,0,275,1,863,264,35,54,398,860,7,0,0,45,409,203,359,2,2,289,222,10,126,185,Neutral
fwnbHVYgprA,621,440,102,56,386,27,121,474,0,327,1,599,785,168,54,184,649,2,0,0,449,333,519,504,2,3,343,124,37,358,289,No Comment
XelsNvpibpQ,105,314,110,242,129,468,124,503,0,294,1,600,178,45,58,607,385,25,0,0,192,139,168,240,2,3,253,111,27,164,403,Positive
UihVmkDISsg,461,471,581,701,18,220,104,627,0,743,0,611,573,253,93,80,156,11,0,0,370,230,246,743,2,8,361,147,10,310,292,No Comment
azCNwGnxq0s,484,515,17,552,282,443,115,175,0,447,1,139,730,26,54,616,777,11,0,0,67,290,549,76,2,3,412,474,37,375,329,Neutral
I7KfNlBA9mo,553,9,149,493,8,150,142,148,0,85,1,381,556,249,54,635,102,12,0,1,432,243,280,731,2,6,277,372,43,285,85,No Comment
lTL3OZkVMHQ,230,328,531,267,390,240,226,603,1,106,0,409,636,81,54,286,841,7,0,0,175,405,433,673,2,8,503,9,10,18,229,Neutral
z5fcvlWdfdA,284,293,662,622,560,176,205,781,0,186,0,767,616,136,229,813,257,23,0,0,61,104,163,630,2,3,552,204,52,314,113,Neutral
nwcZ2dxPUo0,605,78,195,698,277,45,310,205,0,138,1,95,786,251,153,830,422,11,0,0,78,52,251,141,2,2,274,386,10,172,456,Positive
82msI_KFp9M,556,26,102,392,277,114,30,769,0,181,1,90,324,43,181,473,142,29,0,0,120,164,408,136,2,3,9,319,41,74,155,Neutral
vAf5TjiUJgo,705,17,628,415,427,221,246,43,1,148,1,405,364,43,243,49,542,12,0,1,274,242,588,226,2,8,357,444,41,379,262,Positive
cjiPkaGdbAQ,119,154,127,160,30,180,34,293,0,3,1,111,642,35,54,0,21,24,0,0,390,350,378,83,2,8,567,498,52,322,213,Neutral
pHYiE4W4EO8,662,487,141,396,597,326,51,438,1,317,1,702,347,87,89,109,93,7,1,1,384,54,407,119,2,3,601,327,1,375,329,Neutral
NSmkA7hcNjs,23,69,306,10,370,143,99,40,0,279,1,297,730,129,62,320,467,7,0,0,175,312,311,782,2,8,91,60,47,40,63,Neutral
DTLM5o-9hYg,332,461,559,101,183,473,236,651,0,36,1,344,158,116,27,645,845,11,0,0,185,356,122,856,2,8,202,192,54,8,387,Neutral
W5VzQ8OV3X0,46,12,655,205,339,141,76,649,0,363,1,136,33,43,181,35,43,11,0,0,105,234,259,158,2,8,15,137,37,375,106,No Comment
YpKYj8edUOg,297,12,627,371,283,126,258,574,0,710,1,396,592,40,174,368,546,2,0,0,82,86,673,703,2,3,277,175,37,169,300,Neutral
mManLnHyyek,234,287,77,168,149,544,263,0,0,215,1,569,594,80,191,712,861,25,0,0,458,54,353,700,2,3,556,190,50,334,120,No Comment
gmzklpZFNiE,307,246,463,474,662,252,105,815,0,629,0,448,428,272,153,360,634,11,0,0,335,175,438,851,2,2,277,276,43,285,104,Positive
JRadjMeUKko,164,335,623,242,132,21,209,37,1,345,0,717,303,55,229,107,459,7,0,0,170,408,368,339,2,8,267,207,10,199,149,Neutral
T0biHjojjnI,20,510,537,221,355,120,52,30,1,694,1,64,137,92,122,15,488,25,0,0,265,255,373,547,2,8,498,486,41,375,338,Positive
tMltLxq0Jbo,386,489,293,462,470,67,1,698,0,385,0,336,674,242,107,581,384,2,0,0,280,206,326,271,2,8,519,294,47,415,71,Positive
_nwSmOEiDls,190,274,286,434,209,358,246,530,0,671,1,492,634,204,54,108,408,7,0,0,386,157,342,360,2,8,557,60,41,319,378,Neutral
F1dvX9Vs0ns,500,63,621,134,129,68,38,140,0,635,0,440,712,46,162,661,710,5,0,0,291,392,325,426,2,8,646,296,47,327,135,Neutral
0XXmCAwO3qg,671,271,461,58,255,140,152,5,0,105,1,125,796,45,216,839,599,11,0,0,304,121,40,865,2,3,544,273,41,216,409,Neutral
BEkziTXz9Js,623,346,237,4,374,378,270,164,0,33,1,26,590,24,37,21,466,25,0,0,123,113,374,10,2,3,156,531,21,110,19,No Comment
haYFuGljJ_M,701,344,450,386,324,267,146,464,0,141,1,627,294,58,130,403,133,7,0,0,409,216,8,389,2,8,489,331,12,326,180,Negative
cIP_Qw7UQyY,145,487,99,401,55,264,26,142,0,465,1,871,657,43,80,651,368,7,0,0,409,354,709,347,2,8,149,501,52,326,242,Neutral
fdN0GWOtsHQ,81,12,16,494,10,215,26,67,0,406,1,543,758,55,97,161,519,9,1,0,190,54,401,241,2,8,606,241,41,375,132,Neutral
iG0jvqAfiKA,131,11,524,85,335,390,37,344,1,654,1,570,10,259,159,558,280,7,0,0,409,328,603,89,2,8,492,207,41,326,186,Neutral
wYPTZIFQoDQ,545,486,638,175,188,318,205,283,0,474,0,533,730,58,72,811,333,25,0,0,325,107,322,732,2,3,350,530,47,295,86,Positive
hKBxN5Fllhg,435,330,310,146,393,141,48,723,0,152,0,862,628,79,54,762,97,7,0,0,281,92,650,811,2,8,392,207,10,346,251,Neutral
SvcpZ-GuOgo,34,221,121,287,322,444,246,558,0,572,1,568,611,56,54,817,303,2,0,0,58,232,155,849,0,3,143,321,41,281,238,No Comment
YVeCwSWNLrM,691,518,444,72,354,123,111,136,0,329,1,154,259,87,111,187,611,25,0,0,206,54,554,258,2,3,424,286,41,223,432,Positive
73p4lL1iq7w,86,12,553,529,207,383,26,704,0,179,1,672,730,25,152,163,50,7,0,0,393,292,379,332,2,8,49,499,52,325,28,Neutral
K0iKgJXy_gk,698,369,396,539,523,186,295,786,0,763,0,398,117,92,164,540,749,11,0,0,67,103,567,433,2,3,637,394,38,373,114,Positive
rjZ_O-c3QRw,603,78,17,507,522,261,297,384,0,563,0,749,492,217,191,754,362,7,0,0,285,103,449,317,2,3,280,356,10,169,456,Neutral
8qQ7Q6INWOw,548,561,229,401,228,320,240,538,0,774,0,872,10,98,153,580,330,7,0,0,409,43,708,852,2,1,243,225,14,169,420,Neutral
vQ88JB-lgtQ,338,205,148,409,305,231,236,533,0,570,0,31,21,195,153,199,601,7,0,0,409,273,209,88,2,0,504,60,10,170,272,Neutral
bXrhgATNVbE,28,56,547,213,231,385,51,594,0,14,1,375,354,74,27,92,2,7,0,0,390,54,191,705,2,8,570,263,52,325,213,Neutral
6rcw6GdCQC8,685,483,576,571,201,306,181,652,0,145,0,768,730,216,153,708,658,11,0,0,67,290,40,730,2,3,548,52,37,375,91,Positive
3F1KdZCJ6Vg,30,70,571,31,550,123,121,718,1,505,1,339,39,69,159,457,129,11,0,0,199,286,493,584,2,3,366,273,41,52,278,Neutral
5YsxXj5kycs,198,320,432,449,140,240,230,339,0,581,1,219,44,123,241,18,49,7,0,0,282,414,47,624,2,8,102,339,47,42,399,Neutral
cXT8JgdvCHc,452,515,222,684,40,449,281,501,0,392,1,247,136,79,54,429,230,22,0,0,300,347,157,564,2,3,319,118,41,212,12,Positive
HLw6ZovMpLI,330,241,340,242,221,449,26,519,0,10,1,149,297,47,216,310,341,25,0,0,352,181,329,734,2,3,585,62,41,284,434,Neutral
QrQQgLH0p_Y,584,29,580,669,505,173,77,134,1,63,1,709,90,55,229,253,754,25,0,0,1,54,558,201,2,8,182,238,41,375,431,No Comment
8gatiYW5kWs,528,375,487,153,153,317,266,629,0,221,1,410,738,105,163,333,738,25,0,0,124,299,659,224,2,3,153,436,20,113,18,Positive
SJa1oSgs8Gw,74,524,571,314,423,464,26,46,0,726,0,24,773,35,204,209,36,7,0,0,45,202,209,23,2,2,277,207,10,126,188,No Comment
pPZDV1eCI0c,368,429,213,158,207,233,304,359,0,617,1,723,296,128,228,679,335,7,0,0,31,192,34,481,2,8,89,60,52,189,83,Neutral
de5m3NWhi-Y,167,320,655,156,379,296,261,314,0,201,0,657,171,69,229,446,42,7,0,0,172,408,219,212,2,8,296,265,47,9,194,Positive
MgAAbLN7bcE,111,479,28,373,82,484,59,8,0,333,0,737,730,46,228,565,644,25,0,0,291,54,548,229,2,3,198,118,41,4,271,Positive
pUhq4w9mKWg,347,445,335,628,488,427,231,323,0,756,0,507,730,271,153,362,325,2,0,0,448,105,453,497,2,3,37,420,37,70,149,Neutral
yfLz54hzpPs,243,518,259,596,304,38,257,734,0,599,0,585,205,195,210,442,666,16,0,0,307,101,440,648,2,3,466,60,41,275,149,Positive
2000_bmw_x5_feeling-mp4,87,350,10,457,55,563,218,519,0,658,0,108,730,103,135,214,170,29,0,0,37,272,199,822,2,3,466,60,41,275,42,Positive
2000_oxygen_com_nursery-mp4,123,105,333,108,640,315,199,387,0,339,0,321,268,137,216,750,471,12,0,0,291,101,627,370,2,3,471,275,47,285,327,Negative
2000_wwf_beauty_pagent-mp4,591,73,209,197,402,45,30,141,0,552,0,94,577,245,216,127,131,7,0,0,161,54,249,105,0,8,483,237,41,414,243,Negative
2000_visa_synchronized_swimmers-mp4,578,168,405,643,671,403,219,700,0,749,1,187,734,91,153,230,544,10,0,0,117,390,668,324,2,3,324,53,41,25,419,Neutral
2000_mtn_dew_bohemian_rhapsody-2-mp4,131,399,49,182,226,238,77,630,0,467,1,604,406,257,213,79,789,11,0,0,380,4,719,654,2,8,264,12,65,386,267,Negative
2000_bud_light_she_has_a_cat-mp4,384,313,470,146,379,123,121,427,0,398,1,886,391,43,12,444,563,11,0,0,67,207,236,415,1,3,175,477,37,103,102,Negative
2000_etrade_money_out_the_whazoo-1-mp4,335,196,147,526,102,141,76,469,1,338,1,880,315,111,216,570,585,10,0,0,301,89,376,794,2,3,305,520,41,230,204,Negative
2000_budweiser_whaasup2-mp4,228,285,267,68,552,120,299,657,0,239,1,764,610,180,220,173,434,11,0,0,67,346,598,100,1,8,643,155,43,374,417,Positive
2000_budweiser_whaaasup-mp4,45,134,623,572,464,108,9,303,0,335,1,594,610,180,191,260,395,11,0,0,67,314,98,111,1,8,49,477,37,375,419,Negative
2000_tabasco_god-mp4,354,107,602,438,379,1,199,536,0,34,0,113,730,98,153,586,150,1,0,0,291,155,435,553,2,8,87,186,47,92,342,Neutral
2000_budweiser_rex-mp4,391,305,45,459,467,315,205,433,0,242,1,747,730,26,54,578,205,11,0,0,67,105,447,593,2,3,37,456,41,46,456,Negative
2000_netpliance_nerds-mp4,300,103,522,201,156,454,259,820,0,497,0,888,761,174,228,819,458,25,0,0,220,93,27,485,2,3,590,519,9,210,346,Negative
2000_fedex_oz-mp4,74,221,446,496,278,141,121,155,0,735,0,53,163,258,191,118,604,28,0,0,359,101,561,409,2,2,184,222,41,125,358,Negative
2000-agillion-we-are-the-champions-mp4,340,548,623,126,530,351,260,519,0,170,1,32,305,148,54,303,712,25,0,0,110,334,642,222,2,3,157,400,49,308,74,Positive
2000_bud_light_hold_the_door-mp4,372,293,322,432,390,137,57,653,0,266,1,766,186,79,191,472,524,11,0,0,67,207,97,417,2,3,47,477,37,375,329,Positive
2000_ourbeginning_com_bridal_boutique-mp4,498,487,321,193,561,137,223,119,1,592,0,884,376,72,40,736,180,30,1,0,460,101,545,501,0,3,632,212,41,107,454,Negative
2000_computer_com_owners-mp4,371,191,653,60,182,123,258,675,0,780,1,77,102,239,216,306,420,25,0,0,112,88,15,717,2,3,162,348,31,277,166,Neutral
2000_7up_show_us_your_cans-mp4,533,174,72,291,325,98,122,640,0,747,1,617,475,45,102,441,370,11,0,0,84,73,245,483,2,8,314,459,10,138,1,Negative
2000_mtn_dew_bad_cheetah-mp4,461,45,384,23,226,16,83,460,0,0,1,773,46,43,10,272,692,11,0,0,68,10,714,184,2,8,465,12,41,375,357,Negative
2000_eds_cat_herding-mp4,254,112,86,682,383,431,177,407,0,224,0,439,727,53,12,271,800,25,0,0,147,394,198,568,2,3,8,409,41,111,179,Negative
2000_nuveen_christopher_reeve-mp4,152,316,208,233,299,70,257,451,0,292,0,99,598,194,228,255,222,12,0,0,291,47,513,113,2,3,553,272,51,220,255,Negative
2000_etrade_monkey-mp4,454,184,201,306,314,559,263,156,0,365,0,727,342,74,54,598,470,10,0,0,302,230,375,791,2,3,316,313,54,230,93,Negative
2000_pets_com_sock_puppet-mp4,211,313,466,649,130,251,209,226,0,193,0,411,730,55,72,633,184,7,0,0,95,104,201,455,2,2,277,293,47,125,149,Negative
2000_budweiser_fred-1-mp4,658,487,277,557,122,525,297,478,0,75,1,719,730,79,12,376,241,11,0,0,67,101,653,533,1,3,546,427,47,46,342,Neutral
2001_visa_check_card_pet_store-mp4,445,183,555,77,269,184,220,251,0,561,1,302,575,79,54,182,463,22,0,0,313,361,134,737,2,3,277,213,37,285,377,Positive
2001_levis_transplant-mp4,276,425,464,617,392,354,218,452,0,515,0,537,730,290,172,27,603,12,0,1,255,101,435,553,2,3,453,341,47,63,184,Positive
2001_mars_snickers_cruncher-mp4,577,547,241,564,468,349,148,518,0,232,1,748,238,244,212,85,33,11,0,0,79,314,252,206,2,8,458,147,10,375,440,Negative
2001_etrade_security_guard-mp4,184,94,623,565,127,348,242,518,0,728,0,461,148,169,139,744,153,10,0,0,62,83,145,191,2,3,304,245,41,230,203,Negative
2001_hotjobs_marble-mp4,397,182,648,515,571,505,263,526,0,492,0,797,232,226,191,431,298,6,0,0,226,304,511,275,2,3,511,127,41,111,318,Neutral
2001_bud_light_date_with_cedric-mp4,431,184,582,71,461,123,121,473,0,331,1,694,391,26,54,444,846,11,0,0,67,228,533,415,1,3,172,425,37,46,91,Positive
2001_nfl_perfectday-mp4,11,418,428,274,487,526,273,691,0,677,0,157,335,72,191,622,426,24,0,0,400,311,306,114,2,3,567,53,52,325,254,Neutral
2001_etrade_invest_wisely-mp4,576,35,150,575,468,190,26,518,0,235,0,560,96,250,229,152,553,25,0,0,291,311,180,671,2,8,520,512,47,382,342,Negative
2001_pepsi_subway_miracle-mp4,77,354,143,502,288,305,181,797,0,742,1,545,269,262,228,563,700,7,0,0,68,284,716,61,2,8,660,454,41,375,221,Negative
2001_doritos_ali_landry-mp4,325,90,151,566,136,321,243,518,0,496,0,623,309,172,54,587,560,11,0,0,434,314,349,520,2,8,462,448,47,375,347,Negative
2001_budlight_working_late-mp4,144,465,305,515,64,137,255,449,0,492,1,674,391,26,54,444,846,11,0,0,67,286,675,415,2,3,508,559,41,111,456,Negative
2001_verizon_chat_without_talking-mp4,410,268,288,345,168,319,199,329,0,583,1,640,679,45,54,711,144,25,0,0,466,343,60,125,2,8,248,514,63,342,464,Positive
2001_pepsi_bob_dole-mp4,455,380,630,48,420,435,118,11,0,91,1,891,534,30,174,662,361,11,0,0,380,413,719,674,2,3,17,27,10,266,267,Negative
2001_volkswagen_selfie-mp4,405,265,133,448,60,272,54,536,0,219,1,495,371,73,227,533,731,2,0,0,80,11,199,514,2,3,7,346,41,82,83,Negative
2001_fedex_big_springs-mp4,148,514,582,603,479,318,2,526,0,785,0,419,547,79,54,512,275,28,0,0,127,101,563,785,2,3,157,406,19,114,310,Positive
2001_budweiser_whatareyoudoing-mp4,420,275,200,67,88,124,198,484,0,411,1,725,599,178,216,489,171,11,0,0,67,25,547,152,1,3,167,423,37,48,38,Negative
2001_volkswagen_tree-mp4,323,234,350,408,615,530,218,691,0,711,0,57,418,70,141,294,313,2,0,0,54,265,479,292,2,8,573,568,43,375,439,Negative
2002_pepsi_britney_50s_winner-1-mp4,11,334,215,210,437,528,117,326,0,587,1,890,188,27,191,144,781,11,0,0,380,434,422,378,2,8,372,472,69,375,350,Neutral
2002_budweiser_how_ya_doin-mp4,664,523,450,80,90,124,225,663,0,737,1,81,263,79,216,231,572,11,0,0,67,25,652,72,1,3,11,477,60,48,221,Negative
2002_bud_light_cedric_advice-mp4,293,282,454,556,74,123,121,654,0,73,1,768,391,26,216,228,763,11,0,0,67,383,549,413,2,3,100,426,47,51,456,Negative
2002_budlight_robo_bash-mp4,116,156,509,199,207,179,76,830,0,161,1,69,708,8,204,43,577,11,0,0,67,152,262,659,2,8,645,452,37,375,440,Positive
2002_quiznos_shoots_dart-mp4,250,535,647,431,42,137,200,729,0,386,0,66,776,26,33,786,820,11,0,0,410,76,523,789,2,3,430,244,5,372,425,Neutral
2002_budweiser_tushy-1-mp4,395,487,537,687,86,347,102,822,0,411,0,879,730,55,107,798,168,15,0,0,291,101,214,553,2,3,277,442,47,169,352,Positive
2002_cadillac_parking_spot-mp4,251,474,8,32,93,533,208,519,0,559,1,239,793,183,80,255,520,2,0,0,244,128,152,647,2,3,277,391,41,169,306,Positive
2003_budweiser_instant_replay-mp4,85,489,308,592,69,321,212,337,0,475,0,664,730,43,106,505,867,7,0,0,291,101,289,180,2,3,527,85,47,228,344,Positive
2003_hr_block_willie_nelson-mp4,317,554,295,141,355,137,156,84,1,724,1,318,362,79,120,722,159,10,0,0,418,243,670,244,2,3,56,249,55,333,202,Negative
2003_levis_stampede-mp4,341,292,488,136,248,275,218,536,0,78,0,490,730,103,153,346,442,7,0,0,291,155,435,553,2,8,298,233,47,197,398,Negative
2003_coors_twins_remote_local-mp4,72,60,299,84,410,401,94,741,0,578,0,876,568,293,191,175,83,7,0,0,291,153,725,108,2,8,450,481,47,375,338,Positive
2003_hanes_go_tagless_chan_jordan-mp4,632,12,362,205,206,16,65,33,0,569,1,604,231,27,191,770,576,9,1,0,414,223,115,575,2,8,652,32,37,375,440,Negative
2003_monster_com_driverless_truck-mp4,290,360,3,142,596,268,292,526,0,500,0,688,402,78,8,367,809,28,0,0,227,263,28,860,2,3,636,103,54,246,448,Negative
2003_pepsitwist_osbornes-mp4,74,53,91,386,315,123,31,179,0,696,1,744,661,55,115,247,104,11,0,0,380,245,253,806,2,3,24,222,37,169,117,Negative
2003_visa_check_card_yao-mp4,415,183,215,560,257,92,182,842,0,650,1,647,787,168,216,116,16,22,0,0,312,355,127,355,2,8,317,145,54,375,261,Neutral
2003_mcdonalds_rough_day-mp4,430,324,303,625,623,97,205,489,0,244,0,163,730,57,12,683,558,15,0,0,291,308,435,553,2,3,510,492,41,372,342,Negative
2003_quiznos_chef_jimmy-mp4,661,12,82,63,285,206,246,250,0,605,1,307,669,47,73,791,801,11,0,0,411,174,64,788,2,2,13,219,3,180,90,Neutral
2003_sierra_mist_moneky_escape_zoo-mp4,712,377,402,458,58,563,279,580,0,610,0,783,757,69,80,706,667,11,0,0,380,101,534,815,2,8,314,52,10,375,149,Neutral
2003_sony_astronaut-mp4,449,317,205,613,622,409,133,557,0,383,0,887,723,91,191,671,218,15,0,0,291,308,435,553,2,3,453,341,47,273,342,Negative
2003_budweiser_roomate-mp4,246,313,258,30,391,137,218,686,0,249,0,734,730,79,191,103,75,7,0,0,291,365,77,160,2,8,212,310,47,375,55,Neutral
2003_reebok_terry_tate-mp4,273,536,483,116,353,64,91,542,0,492,1,158,68,77,80,644,397,24,1,0,389,255,357,294,2,3,639,404,61,279,417,Negative
2003_dodge_ram_heimlich-mp4,392,264,315,11,648,237,93,626,0,390,0,310,480,79,54,348,445,2,0,0,448,2,46,783,2,8,112,37,47,396,39,Positive
2003_mastercard_presidents-mp4,619,279,80,577,401,309,258,178,0,137,1,755,181,58,153,642,219,10,0,0,126,101,7,546,2,3,70,183,37,375,117,Negative
2003_chrysler_crossfire_celine_dion-mp4,5,406,511,155,2,272,257,763,0,464,1,529,730,213,136,364,364,2,0,0,327,9,551,25,2,3,35,365,41,83,161,Positive
2004_emerald_nuts_encouraging_norwegians-mp4,16,230,676,432,387,232,209,534,0,191,0,771,691,62,77,435,811,11,0,0,296,143,632,428,2,3,72,273,47,24,280,Positive
2004_lays_potato_chips_teeth-mp4,685,518,412,73,466,266,297,560,0,304,1,306,693,82,72,327,472,11,0,0,334,103,211,204,2,3,277,154,37,169,352,Negative
2004_budweiser_ref_yelled_at-mp4,361,552,325,162,259,143,169,591,0,285,0,210,730,71,133,225,840,7,0,0,291,308,435,553,2,8,567,498,47,204,270,Neutral
2004_ford_gt_in_what_gear-mp4,473,99,6,182,205,286,192,351,0,184,1,195,553,35,229,424,221,2,0,0,394,319,295,329,2,8,448,533,41,123,375,Positive
2004_mastercard_homer_simpson-mp4,73,186,409,112,351,123,165,31,1,28,1,308,183,77,149,642,404,10,0,0,117,101,702,194,2,3,25,115,37,78,149,Positive
2004_budlight_frank-mp4,575,238,397,573,512,128,159,304,0,51,1,597,198,79,117,237,419,11,0,0,67,311,232,726,2,3,172,477,37,375,223,Negative
2004_sierra_mist_balcony_jump-mp4,700,45,603,58,519,242,133,572,0,70,0,652,514,168,39,707,495,11,0,0,380,131,94,657,2,8,177,474,47,375,149,Negative
2004_7up_slam_dunk-mp4,77,354,399,503,234,182,94,455,0,554,1,609,703,16,54,714,1,11,0,0,84,151,274,384,2,2,68,44,43,125,149,Negative
2004_sierra_mist_parade_hot_kilt-mp4,672,458,294,234,48,256,133,319,0,361,0,669,757,45,54,707,494,11,0,0,380,101,534,233,2,8,308,456,47,375,149,Neutral
2004_mcdonalds_dryer_sheet-mp4,445,204,300,70,455,449,277,791,0,400,1,235,67,92,54,352,318,22,0,0,166,332,160,626,2,3,260,315,8,250,290,Neutral
2004_chevy_soap-mp4,699,464,221,483,507,315,133,801,0,130,0,123,526,177,153,29,96,2,0,0,51,101,0,560,2,3,77,222,37,287,83,Neutral
2004_bud_light_fergus-mp4,403,514,537,365,508,137,7,831,0,528,1,271,199,45,54,393,714,11,0,0,67,369,93,395,2,8,69,471,37,375,132,Negative
2004_pepsi_bears-mp4,666,293,321,146,134,323,39,291,0,346,0,331,423,26,54,484,491,11,0,0,380,101,534,600,2,3,313,138,10,169,456,Positive
2004_hr_block_willie_nelson_doll-mp4,34,354,138,372,335,109,125,794,0,702,1,524,217,43,230,776,622,10,0,0,415,228,468,41,1,3,51,363,37,417,165,Negative
2005_volvo_boldy_go-1-mp4,216,314,239,444,666,157,263,519,0,195,1,44,775,142,228,529,134,2,0,0,20,164,397,622,2,3,107,278,1,82,324,Negative
2005_emerald_nuts_exaggerating_dad-1-mp4,266,471,81,342,86,140,205,255,0,413,1,179,730,55,80,373,817,11,0,0,259,170,112,707,2,3,81,222,37,285,104,Negative
2005_silestone_diana_pearl-mp4,395,332,637,440,379,501,207,600,0,731,1,868,413,279,216,63,112,22,0,0,339,122,520,21,2,3,333,283,41,225,316,Positive
2005_tabasco_sunburn-1-mp4,465,502,300,506,21,307,284,267,0,693,1,406,710,297,186,737,436,11,1,0,443,231,516,742,0,8,661,544,47,375,291,Neutral
2005_verizon_vcast_miniaturization-mp4,196,155,372,249,364,112,142,135,0,13,1,573,307,45,98,258,538,25,0,0,267,54,148,90,2,8,491,200,41,375,429,Negative
2005_mbna_gladys_knight_rugby-mp4,470,202,635,638,35,392,51,526,0,616,1,400,302,74,54,121,857,10,0,0,118,16,119,503,2,3,567,53,41,325,121,Positive
2005_careerbuilder_whoopee-2-mp4,446,227,379,306,328,7,278,416,1,305,1,566,12,79,128,340,486,6,0,0,230,243,23,502,2,3,227,353,57,246,291,Negative
2005_diet_pepsi_hot_guy-mp4,453,487,621,446,384,563,218,748,0,472,0,579,730,218,160,828,478,7,0,0,291,431,435,553,2,8,226,577,47,375,231,Negative
2005_cadillac_tunnel_shot-1-mp4,174,313,231,324,388,272,209,526,0,746,0,488,730,235,172,589,553,15,0,0,291,308,435,553,2,5,453,341,47,273,342,Neutral
2005_careerbuilder_titanic-1-mp4,709,205,165,410,489,540,260,519,0,470,1,799,11,292,27,268,198,6,0,0,230,344,426,182,2,3,415,314,54,247,248,Positive
2005_visa_check_card_superheroes-mp4,375,165,107,662,224,152,90,645,0,60,1,800,648,66,57,761,869,10,0,0,453,102,589,864,2,8,489,517,41,376,351,Negative
2005_ameriquest_robbery-mp4,283,234,567,546,146,132,222,432,1,168,0,426,134,92,54,680,595,10,0,0,237,101,172,582,2,3,261,222,10,169,302,Positive
2005_ford_roadhouse-mp4,283,441,612,656,247,137,229,776,0,381,0,480,587,79,40,649,686,2,0,0,442,101,585,796,2,3,277,435,37,285,241,Negative
2005_bud_light_cedric_stranded-mp4,55,478,20,482,403,178,111,754,0,741,1,277,195,26,208,229,326,11,0,0,67,290,237,652,1,8,137,454,37,375,221,Neutral
2005_heineken_brad_pitt_beer_run-1-mp4,250,179,609,609,387,88,200,717,0,442,0,263,730,45,51,814,349,7,0,0,175,309,592,120,2,3,301,554,41,192,6,Neutral
2005_honda_ridgeline_above_all-mp4,215,272,366,580,207,273,86,764,0,611,1,604,19,1,216,7,380,2,0,0,327,13,580,577,1,3,113,12,41,284,167,Negative
2005_pizza_hut_muppets-mp4,50,181,542,299,436,75,146,52,0,399,1,301,123,248,52,65,475,11,0,0,328,200,208,228,2,2,277,138,43,169,23,Negative
2005_mastercard_icons_dinner-mp4,631,466,581,369,86,33,258,301,0,336,1,845,182,58,72,642,356,10,0,0,126,103,132,26,2,3,277,175,37,169,349,Negative
2005_olympus_mrobe_poppin-2-mp4,539,378,159,459,656,563,257,544,0,564,1,494,226,165,184,583,209,25,0,0,134,101,416,615,2,3,277,539,37,66,149,Positive
2005_pepsi_song_in_bottle-mp4,540,397,39,33,195,310,271,300,0,703,0,7,273,15,54,480,515,7,0,0,287,186,84,375,2,8,353,340,71,191,473,Negative
2005_michelob_rich_and_smooth-mp4,395,457,582,419,61,140,258,426,0,447,1,720,747,26,216,584,90,11,0,0,67,286,488,676,2,3,387,477,41,45,97,Positive
2005_ameriquest_cat-3-mp4,276,328,520,451,392,285,228,541,0,243,0,510,448,79,54,513,400,10,0,0,279,388,661,767,2,2,313,222,37,169,24,Negative
2005_mcdonalds_lincon_fry_pt1-2-mp4,367,408,284,144,572,123,205,745,0,252,1,369,730,45,114,414,15,11,0,0,169,205,208,814,2,3,195,222,37,169,456,Neutral
2005_quiznos_bobby-mp4,593,12,664,239,163,120,121,693,0,126,1,14,484,40,216,611,4,11,0,0,348,427,68,586,2,3,161,411,37,407,425,Negative
2005_mcdonalds_lincon_fry_pt2-mp4,154,531,63,83,520,218,156,762,0,276,1,443,716,77,182,23,232,11,0,0,11,294,200,818,2,0,27,138,10,211,321,Positive
2005_subway_hot_date-2-mp4,284,303,662,539,143,270,218,837,0,163,0,236,152,26,54,98,231,11,0,0,348,357,229,787,2,3,263,138,54,375,330,Neutral
2005_diet_pepsi_pdiddy-2-mp4,77,383,469,383,286,301,158,668,0,544,1,23,730,69,121,677,336,11,0,0,132,435,536,17,0,8,649,52,43,412,456,Negative
2005_lays_potato_chips_mc_hammer-mp4,673,344,582,58,284,245,140,811,0,534,1,757,35,6,107,115,214,11,0,0,334,170,476,714,2,2,14,32,29,125,358,Neutral
2005_bud_light_sharon-1-mp4,561,349,450,53,277,123,114,709,0,79,1,763,196,45,55,43,111,11,0,0,68,25,262,297,2,8,659,498,37,375,419,Neutral
2006_hummer_little_monster-mp4,431,419,308,477,392,324,218,188,0,165,0,217,384,91,153,119,741,7,0,0,178,280,441,812,2,8,535,268,47,307,231,Neutral
2007_careerbuilder_promotion-mp4,246,297,373,261,173,86,79,454,0,376,0,612,128,113,142,646,29,6,0,0,228,302,92,550,1,3,636,126,61,246,139,Neutral
2007_chevrolet_stars_sing-mp4,555,39,208,211,99,463,34,838,0,758,1,677,83,27,213,50,513,2,0,0,51,436,66,824,0,8,218,576,37,375,449,Negative
2007_gm_robot-1-mp4,220,127,110,327,379,316,219,519,0,374,1,253,202,57,12,415,654,2,0,0,56,366,656,522,2,3,356,397,41,98,76,Negative
2007_garmin_maposarus_1920x1080-mp4,258,360,456,12,609,89,26,334,0,310,0,388,532,105,27,278,556,25,0,0,293,112,343,604,2,8,533,60,47,306,33,Positive
2007_sprint_connectile_dysfunction-mp4,497,136,623,570,474,449,259,367,0,47,1,58,485,79,153,309,464,25,0,0,261,329,348,861,2,3,593,170,41,108,429,Positive
2007_budweiser_king_crab-mp4,668,72,216,513,288,305,290,519,0,630,1,202,730,182,172,46,417,11,0,0,67,285,550,60,2,3,467,100,47,51,342,Neutral
2007_cbs_letterman_promo-mp4,689,509,291,78,372,120,232,497,0,372,0,538,645,69,124,36,31,7,0,0,291,101,435,553,2,3,79,152,47,360,189,Negative
2008_bridgestone_scream-mp4,285,261,348,658,242,343,171,782,0,102,0,55,71,120,76,325,403,2,0,0,430,177,583,538,2,3,600,435,11,158,84,Positive
2008_budweiser_dalmatian_trains-mp4,13,229,1,432,608,324,226,228,0,213,0,866,730,235,172,784,62,15,0,0,291,308,435,553,2,5,453,341,47,273,342,Positive
2008_tide_to_go_talking_stain-mp4,251,479,435,527,574,137,257,551,0,492,0,671,210,57,174,609,752,22,0,0,405,36,510,265,2,3,510,125,41,372,352,Negative
2008_etrade_baby_spits_up-mp4,414,57,103,386,24,123,16,109,0,58,1,372,292,79,187,501,314,10,0,0,303,119,19,489,2,3,588,304,41,285,456,Positive
2008_garmin_napoleon-mp4,319,63,178,102,534,278,275,518,0,570,1,133,730,293,172,292,141,25,0,0,12,133,688,263,2,3,592,199,47,158,342,Neutral
2008 Fedex Super Bowl ad &quot;Carrier Pigeons&quot;,507,205,623,106,634,137,154,124,1,110,1,772,500,43,40,269,54,28,0,0,359,255,566,37,2,3,152,399,18,115,310,Negative
2008_gatorade_mans_best_friend-mp4,495,118,623,563,468,538,233,533,0,728,0,873,404,112,27,198,153,7,0,0,38,168,446,31,2,8,371,555,47,85,476,Negative
2008_pepsi_timberlake-mp4,284,3,339,651,379,315,121,94,1,702,0,877,160,45,54,111,105,11,0,0,381,146,720,30,2,8,574,463,43,375,337,Negative
2008_coca-cola_jinx-mp4,427,195,662,515,580,137,263,480,0,492,0,673,754,79,40,382,417,20,0,0,291,265,591,553,2,3,76,395,41,111,381,Neutral
2008_coca-cola_its_mine-mp4,250,542,390,678,379,315,199,9,0,21,0,519,730,235,172,589,553,7,0,0,291,308,435,553,2,3,608,161,47,355,342,Positive
2008_diet_pepsi_max_head_nod-mp4,306,519,619,100,476,563,6,685,0,622,0,359,605,83,225,540,457,15,2,2,291,286,86,172,2,3,79,536,48,37,57,Negative
2008_victorias_secret_in_the_mood_for_love-mp4,234,313,319,349,568,282,223,775,0,347,0,581,289,286,191,574,863,7,0,0,291,101,577,313,2,3,524,57,47,76,342,Negative
2008_life_water_thriller_naomi_campbell-mp4,660,63,169,381,444,285,133,307,0,570,0,118,675,294,185,61,645,10,0,0,218,230,74,511,2,1,142,222,47,169,342,Positive
2008_bud_light_jackie_moon-mp4,550,225,136,319,322,79,153,616,0,416,1,693,77,9,209,548,616,11,0,0,67,218,258,235,1,3,565,142,37,47,417,Negative
2008_cars_com_witch_dr-mp4,442,515,671,44,67,137,121,448,0,359,1,48,745,45,100,312,283,2,0,0,83,266,689,162,2,3,510,428,41,121,83,Positive
2009_bud_light_skiier_drinkability-1-mp4,295,95,623,125,618,158,246,369,0,189,1,251,525,7,21,71,233,11,0,0,67,118,715,722,1,8,138,149,60,375,91,Negative
2009_coca-cola_heist-mp4,321,500,453,694,144,561,197,129,0,429,1,583,730,59,216,355,432,11,0,0,380,101,370,398,2,2,185,558,11,395,238,Negative
2009_hulu_alec_hollywood-mp4,444,217,445,320,314,11,92,1,1,727,1,10,267,162,236,275,535,7,0,0,409,253,594,24,2,8,397,523,41,326,109,Neutral
2009_cheetos_chester_spoiled-mp4,488,488,455,697,62,123,181,771,0,516,1,591,730,26,216,379,34,11,0,0,370,101,201,300,2,3,607,147,37,51,149,Positive
2009_hr_block_death_taxes-mp4,706,172,560,518,80,137,21,576,0,725,1,777,470,45,40,568,540,10,0,0,419,41,683,696,2,3,318,249,54,234,75,Negative
2009_pedigree_crazy_pets-mp4,493,358,421,311,328,557,26,237,1,321,0,854,251,26,67,196,301,22,0,0,320,104,627,629,2,3,314,381,10,153,50,Negative
2009_tacobell_speed_date-mp4,665,562,220,68,440,123,132,425,0,366,1,821,541,79,54,738,121,11,0,0,169,385,95,740,2,8,170,567,37,375,149,Negative
2009_budweiser_fetch-mp4,681,487,291,456,660,252,104,335,0,682,0,349,730,41,54,434,805,7,0,0,291,101,121,754,2,3,528,345,47,90,149,Negative
2009_bridgestone_hot_item-mp4,284,424,590,264,141,198,263,676,0,614,0,110,71,66,54,96,399,2,0,0,430,127,300,538,2,3,537,60,41,123,414,Negative
2009_monster_double_take-mp4,434,183,349,279,330,293,295,639,0,747,0,517,584,58,144,576,607,6,0,0,230,330,630,833,2,3,463,403,60,279,318,Negative
2009_coca-cola_avatar-mp4,334,450,633,561,446,495,199,403,0,765,0,593,387,277,160,208,742,7,0,0,41,314,415,31,2,3,462,332,41,88,325,Neutral
2009_cars-com_abernathy-mp4,384,239,476,107,293,70,26,21,1,509,1,421,295,160,12,381,618,2,0,0,82,210,657,167,2,3,277,121,41,121,149,Neutral
2009_pepsi_anthem-mp4,208,251,324,209,413,445,187,202,0,481,1,630,762,270,213,246,865,11,0,0,68,317,119,116,2,0,18,158,10,211,456,Negative
2009_dennys_serious-mp4,685,502,94,689,9,318,121,346,0,261,1,641,751,47,228,408,695,11,0,0,72,352,208,386,2,2,277,219,37,180,307,Negative
2009_doritos_new_flavor-mp4,601,192,395,512,148,479,22,376,1,369,1,844,361,87,229,723,451,11,0,0,370,34,197,462,2,8,311,451,70,375,226,Negative
2009_coca-cola_mean_troy-mp4,177,93,623,572,477,120,10,118,0,609,1,37,99,79,97,53,719,11,0,0,380,37,258,866,2,8,41,463,10,375,44,Negative
2009_teleflora_talking_flowers-mp4,250,233,544,178,180,141,121,783,0,490,1,224,516,43,36,404,123,22,0,0,183,101,521,423,2,3,464,398,37,279,274,Negative
2009_sobe_lizard_lake-mp4,60,59,65,205,402,44,34,338,0,699,0,330,730,245,172,335,392,7,1,0,103,174,243,112,2,2,273,320,10,169,51,Negative
2009_budweiser_clydesdale_generations-mp4,408,471,590,593,589,210,176,573,0,775,0,347,521,42,12,748,287,11,0,0,67,105,289,173,2,3,30,222,41,103,49,Negative
2009_bridgestone_taters-mp4,460,344,215,581,260,137,89,236,0,548,1,604,71,66,54,486,833,2,0,0,430,101,465,539,2,3,112,365,41,159,41,Neutral
2010_trutv_punxsutawney_polamalu-mp4,162,158,252,161,380,26,263,518,0,285,0,775,478,35,54,131,125,7,0,0,425,326,610,566,2,3,49,499,47,324,228,Negative
2010_snickers_the-game_betty_white_abe_vigoda-mp4,474,345,423,303,325,35,140,746,1,678,1,834,649,43,181,159,687,11,0,0,79,215,540,680,2,8,599,33,10,209,456,Negative
2010_taco_bell_it-rocks_charles_barkley-mp4,654,448,590,285,350,508,76,110,0,137,1,199,317,257,213,400,511,11,0,0,413,251,65,826,2,8,614,411,16,375,319,Negative
2010_doritos_dog_collar-mp4,635,407,50,283,7,77,142,821,0,553,1,470,301,43,54,734,40,11,0,0,370,243,259,494,2,8,168,450,47,408,132,Negative
2010_budweiser_bridge-mp4,534,386,386,680,244,229,98,201,0,627,1,155,730,301,216,87,95,28,0,0,128,65,559,306,2,3,191,434,10,211,138,Neutral
2010_google_parisian-love-mp4,711,199,558,242,462,415,218,533,0,570,0,649,730,5,191,40,536,25,0,0,291,308,430,405,2,8,443,507,47,375,254,Neutral
2010_budlight_asteroid-mp4,125,175,445,647,264,123,190,599,0,638,1,71,340,64,216,437,677,11,0,0,67,228,238,454,2,3,644,455,37,407,91,Negative
2010_motorola_megan_fox_blur-mp4,529,487,251,393,165,29,2,41,0,744,0,131,730,26,229,579,462,25,0,0,266,54,400,51,0,8,183,92,41,412,432,Negative
2010_emerald_nuts_awesomer-mp4,79,47,377,220,398,442,68,604,0,532,1,78,667,245,216,215,152,11,0,0,371,183,719,658,2,8,575,33,69,375,440,Negative
2010_volkswagen_punchdub-mp4,690,432,17,74,551,102,110,738,0,92,1,86,663,69,114,824,395,2,0,0,28,286,336,830,2,8,470,42,37,375,149,Negative
2010_universal_wolfman-mp4,710,196,560,413,459,327,150,519,0,483,1,678,531,299,229,330,480,7,0,0,175,408,309,130,2,8,346,207,47,227,251,Negative
2010_dr_pepper_kiss_little-kiss-mp4,19,123,438,328,30,36,263,112,0,59,1,104,656,55,215,69,506,11,0,0,380,54,259,723,2,8,522,340,52,16,413,Positive
2010_carscom_timothy_richman-mp4,417,394,94,539,108,70,263,74,0,634,1,484,357,168,12,516,258,2,0,0,82,392,665,166,2,8,651,22,37,396,366,Neutral
2010_budlight_stranded-mp4,276,425,404,92,250,228,313,116,0,95,1,238,341,96,216,43,439,11,0,0,67,213,275,500,2,3,237,477,37,103,34,Negative
2010_dantesinferno_go_to_hell-mp4,248,143,356,136,368,322,71,606,0,190,0,227,23,265,191,336,446,7,0,0,452,104,149,472,2,8,234,264,47,38,127,Neutral
2010_disney_alice_wonderland-mp4,432,291,604,136,375,362,226,816,0,210,0,109,730,260,91,777,588,7,0,0,171,12,106,211,2,8,297,235,47,375,104,Negative
2010_monster_-com_fiddling_beaver-mp4,241,188,563,409,273,415,2,533,0,668,0,629,507,298,153,615,438,15,0,0,291,308,435,553,2,3,453,378,47,231,342,Negative
2010_michelob_ultra_little-bumps-mp4,391,325,678,118,395,294,205,611,0,431,0,264,339,57,35,178,465,11,0,0,67,286,504,7,2,3,207,273,41,44,91,Negative
2010_budlight_autotune-mp4,605,63,210,388,265,189,60,215,0,384,1,496,394,79,216,43,751,11,0,0,67,25,276,512,2,8,550,566,37,375,266,Negative
2010_bridgestone_killer_whale-mp4,633,480,153,588,671,312,100,564,0,487,0,342,718,33,54,219,862,2,0,0,430,101,499,603,1,3,466,60,41,123,344,Positive
2010_dennys_chickens_warning-mp4,439,487,94,117,152,148,50,149,1,606,1,364,192,77,61,284,59,11,0,0,72,352,208,386,2,3,20,222,10,169,210,Negative
2010_doritos_samurai-mp4,583,57,137,284,431,217,140,463,0,358,1,786,427,55,102,283,425,11,0,0,370,230,252,685,2,8,306,40,41,375,209,Negative
2010_doritos_casket-mp4,193,121,158,301,326,555,77,615,1,307,1,530,204,43,80,510,539,11,0,0,370,215,542,494,2,8,409,147,47,375,265,Negative
2010_nfl_best_fans_planet-mp4,562,52,372,13,207,393,75,682,0,286,0,160,523,172,54,485,503,24,0,0,398,151,182,784,2,8,49,41,52,204,417,Negative
2010_paramount_last_airbender-mp4,100,74,441,445,144,164,279,400,0,342,0,423,627,123,153,518,853,7,0,0,173,6,434,338,2,2,289,222,10,169,474,Positive
2010_hyundai_sonata_2020_mvp-mp4,100,132,240,253,207,488,240,12,0,71,1,373,34,57,174,101,177,2,0,0,355,54,679,526,2,3,561,23,41,204,82,Neutral
2010_miramax_robin_hood-mp4,278,444,556,272,114,139,108,257,0,425,0,525,606,121,229,527,99,7,0,0,175,101,305,475,2,8,341,5,10,190,35,Negative
2011_best-buy_ozzy_and_bieber-mp4,485,63,114,530,112,36,47,65,0,693,0,738,27,79,226,15,204,25,0,0,272,347,354,823,2,8,183,517,41,334,182,Neutral
2011_cars-com_reviews_are_in-mp4,240,76,177,426,166,125,49,575,0,453,1,19,681,79,125,423,721,2,0,0,88,372,692,853,2,3,394,122,41,121,83,Negative
2011 SNICKERS - Logging with Richard Lewis and Roseanne Barr (1),369,232,200,539,258,140,21,789,0,419,1,105,650,43,56,160,316,11,0,0,98,207,586,682,2,8,195,28,10,309,291,Negative
2011-nfl-best-fans-ever-mp4,607,341,649,459,207,183,27,249,0,705,1,3,333,45,85,164,254,7,0,0,372,153,209,104,2,3,52,220,37,169,213,Positive
2011_chrysler_imported_from_detroit-mp4,199,141,330,624,527,496,240,381,0,16,0,399,551,60,12,544,428,2,0,0,249,101,392,432,2,3,58,75,41,123,322,Neutral
2011_homeaway_ministry_of_detourism-mp4,261,401,310,321,321,151,94,311,0,316,1,474,618,77,63,97,824,29,0,0,445,221,59,733,2,3,287,545,41,169,77,Positive
2011_doritos_pug_attack-mp4,667,70,175,487,415,227,77,833,0,536,1,36,207,12,60,216,249,11,0,0,370,224,252,493,2,8,169,571,47,409,96,Negative
2011_bud_light_dog_sitter-mp4,304,33,620,365,429,123,9,726,0,508,1,366,329,45,97,437,715,11,0,0,67,286,94,659,2,3,172,361,41,154,409,Negative
2011_kia_one_epic_ride-mp4,139,489,605,601,631,364,4,280,0,155,1,358,523,293,147,412,143,2,0,0,15,101,618,836,2,3,123,539,1,329,41,Negative
2011_carmax_kid_in_a_candy_store-mp4,58,172,513,368,15,514,140,596,0,423,1,229,707,248,169,571,359,22,0,0,253,228,72,150,2,2,479,262,43,169,475,Neutral
2011_hyundai_deprogramming-mp4,183,313,617,138,644,544,221,370,0,199,0,878,680,94,134,8,430,2,0,0,111,423,355,438,2,3,445,202,37,121,142,Positive
2011_bmw_defying_logic-mp4,109,194,9,327,56,476,183,527,0,27,1,781,118,93,216,66,619,2,0,0,7,194,506,12,2,3,36,529,41,99,384,Negative
2011_hyundai_hypnotize-mp4,250,262,352,405,587,272,205,610,0,713,1,686,16,168,34,8,47,2,0,0,111,128,555,436,2,3,574,392,37,136,149,Positive
2011_volkswagen_black_beetle-mp4,175,5,243,567,468,190,268,539,0,778,0,716,451,35,228,151,120,2,0,0,25,311,573,316,2,3,495,432,41,59,471,Negative
2012_doritos_mans_best_friend-mp4,53,407,291,281,318,304,136,271,0,525,1,444,635,176,113,600,425,11,0,0,370,230,252,697,2,8,655,448,47,410,96,Neutral
2012_cadillac_ats_green_hell-mp4,402,42,381,325,146,47,274,692,0,377,1,453,84,3,68,91,147,2,0,0,246,158,460,225,2,3,135,527,51,123,432,Negative
2012_toyota_camry_its_reinvented-mp4,249,470,189,702,664,515,143,760,1,758,1,699,743,240,102,670,864,2,0,0,51,252,331,311,2,3,430,295,41,121,291,Positive
2012_mms_just_my_shell-mp4,84,178,70,486,110,137,145,598,0,171,1,770,287,259,112,588,699,11,0,0,99,249,604,471,2,8,386,468,10,375,234,Neutral
2012_etrade_fatherhood-mp4,445,184,291,610,621,123,121,488,0,644,1,319,212,45,54,72,725,10,0,0,179,14,661,608,2,3,68,222,41,288,457,Negative
2012_disney_john_carter-mp4,168,336,253,21,379,142,259,275,0,46,0,295,455,31,42,110,600,7,0,0,170,58,203,304,2,8,534,60,10,375,149,Negative
2012_paramount_gijoe_retaliation-mp4,127,36,371,13,225,84,82,157,0,640,0,743,115,128,54,342,292,7,0,0,33,101,48,474,2,8,381,59,47,40,147,Negative
2012_nfl_timeline-mp4,573,77,403,218,235,213,293,296,0,286,1,613,253,91,12,406,376,7,0,0,398,196,383,677,2,3,29,498,52,19,3,Positive
2012_cars-com_confident_you-mp4,365,172,541,542,100,123,246,660,0,116,1,804,682,58,106,307,256,2,0,0,450,243,658,712,1,3,393,123,41,121,83,Negative
2012_dannon_oikos_the_tease_john_stamos-mp4,546,21,316,579,659,253,203,184,0,398,1,598,445,47,133,239,777,11,0,0,13,101,499,74,2,3,80,182,41,141,305,Negative
2012_hyundai_genesis_heart-mp4,538,359,496,115,607,137,45,731,0,123,1,338,493,74,216,758,651,2,0,0,396,101,466,3,2,3,506,51,41,123,76,Positive
2013_hyundai_santa_fe_team-mp4,254,400,458,263,439,340,121,93,0,378,1,203,203,87,27,165,10,2,0,0,20,255,212,735,2,3,277,38,37,169,464,Positive
2013_budweiser_brotherhood-mp4,305,429,517,481,450,495,218,394,0,277,0,166,730,220,167,540,485,29,0,0,435,103,440,799,2,3,531,365,41,276,49,Positive
2013_cars-com_wolf-mp4,448,502,318,348,663,141,21,187,1,371,1,586,665,92,230,366,307,2,0,0,82,101,613,333,2,3,477,222,41,121,377,Negative
2013_tide_miracle_stain-mp4,610,12,125,50,277,123,9,725,0,413,1,811,728,168,84,562,92,7,1,0,389,163,262,177,1,8,567,478,37,204,456,Neutral
2013_godaddy_perfect_match-mp4,425,197,658,298,379,371,263,168,0,492,1,192,223,35,150,704,718,25,0,0,143,238,16,140,2,3,141,446,25,308,254,Neutral
2013_best_buy_asking_amy-mp4,31,172,60,488,218,112,140,133,0,5,1,457,398,43,230,718,798,22,0,0,158,54,201,484,2,2,277,301,43,169,226,Positive
2014_doritos_cowboy_kid-mp4,33,104,32,370,14,40,110,511,0,704,1,82,523,26,54,68,438,11,0,0,370,284,201,402,2,2,277,143,43,290,104,Negative
2014_labatt_blue_undomesticated_snowboarding-1-mp4,18,420,187,704,267,355,158,772,0,660,0,327,221,210,140,806,402,4,0,0,67,256,475,490,2,8,662,52,43,375,455,Neutral
2014_geico_maxwell_at_dmv-mp4,399,203,430,537,128,137,121,502,0,494,1,447,121,45,54,84,766,10,0,0,137,243,15,464,2,3,312,517,41,243,254,Neutral
2014_cheerios_gracie-mp4,393,479,504,688,656,123,102,254,0,397,1,303,730,38,54,217,652,11,0,0,91,101,214,427,2,2,272,274,43,181,358,Negative
2015_chevy_colorado_focus_group_sexier-mp4,604,344,644,31,109,83,263,593,0,756,1,127,89,92,0,703,808,2,0,0,327,289,582,52,1,3,52,369,37,352,149,Neutral
2015_godaddy_working-mp4,398,511,581,533,158,107,293,819,0,332,1,724,224,92,54,687,201,25,0,0,144,101,636,50,2,3,252,109,49,164,215,Negative
2015_universal_pictures_minions-mp4,75,54,327,217,424,49,94,540,0,684,1,855,498,261,80,746,279,7,0,0,46,203,209,22,2,2,277,387,47,125,149,Negative
2015_budweiser_clydesdale_beer_run-mp4,517,12,475,280,315,187,115,592,0,719,1,88,730,58,93,46,51,11,0,0,67,369,154,101,1,3,175,213,5,103,97,Neutral
2015_nationwide_boy-mp4,94,114,491,146,241,485,199,87,0,690,0,528,737,133,161,647,684,10,0,0,218,101,217,632,2,3,277,410,41,285,85,Negative
2015_esurance_sorta_mom-mp4,445,381,424,123,585,140,121,747,0,714,1,454,717,58,109,605,158,10,0,0,50,322,418,209,0,3,220,50,42,363,230,Negative
2015_weight_watchers_-all_you_can_eat-mp4,345,208,57,104,193,145,20,358,0,430,1,698,344,47,58,316,768,11,0,0,133,141,633,605,2,3,329,275,54,241,52,Negative
2015_kia_sorento_the_perfect_getaway_with_pierce_brosnan-mp4,114,374,679,19,254,225,31,169,1,656,1,273,527,43,181,623,797,2,0,0,20,160,54,96,2,3,465,24,41,171,303,Negative
2015_nbc_sports_america_start_your_engines_nick_offerman-1-mp4,592,148,122,86,220,45,34,239,0,17,1,91,216,172,232,222,806,7,0,0,17,151,189,780,2,8,49,498,41,21,270,Negative
2015_doritos_cheesy_pirates-mp4,575,137,242,572,474,156,138,519,0,698,0,595,351,69,54,22,136,11,0,0,370,311,474,315,2,8,374,147,47,268,15,Negative
2015_universal_pictures_ted2-mp4,221,449,255,171,652,141,88,441,1,526,0,76,87,43,80,243,620,7,0,0,175,217,108,78,2,8,200,207,10,134,456,Negative
2015_toyota_my_bold_dad-mp4,492,515,277,118,94,344,205,475,0,380,1,529,54,275,8,285,255,2,0,0,448,101,553,596,1,3,277,419,41,152,149,Negative
2015_microsoft_braylon_oneill-mp4,537,385,101,333,296,419,298,804,0,278,0,614,690,233,229,807,269,12,0,1,337,32,324,801,2,3,579,47,58,177,259,Negative
2015_skechers_with_pete_rose-mp4,377,173,212,57,438,62,121,555,0,601,1,596,744,45,174,556,669,9,1,0,360,54,116,665,2,3,571,131,37,324,95,Negative
2015_loctite_glue_positive_feelings-1-mp4,530,196,291,317,315,192,193,194,0,566,1,287,380,246,191,117,406,22,0,0,36,215,260,362,2,3,314,1,10,225,8,Neutral
2015_budweiser_lost_dog-mp4,0,0,0,2,0,0,0,29,0,11,0,6,730,0,1,13,790,15,0,0,291,1,2,553,2,3,73,2,0,12,30,Neutral
2015_doritos_middle_seat-mp4,508,185,206,291,19,169,265,456,0,44,0,466,730,43,11,314,543,29,0,0,294,214,544,36,2,3,309,83,41,206,99,Negative
2015_turbotax_boston_tea_party-mp4,400,259,532,154,343,123,147,54,1,723,1,352,326,45,216,411,140,10,0,0,417,356,15,390,2,3,54,105,54,331,464,Neutral
When Pigs Fly - Doritos Crash the Super Bowl 2015 WINNER OFFICAL,445,425,300,3,391,300,305,409,0,518,0,722,730,87,127,822,413,11,0,0,370,243,473,403,2,8,663,147,47,375,405,Positive
2015_carnival_cruise_come_back_to_the_sea-1-mp4,100,45,596,587,671,493,240,526,0,343,1,529,100,277,163,688,792,29,0,0,119,101,396,337,2,3,457,328,51,84,343,Positive
2015_dodge_wisdom-mp4,448,515,662,547,665,431,279,243,0,395,0,527,378,91,13,563,735,7,0,0,140,101,448,857,2,3,340,303,47,281,287,Negative
2015_clash_of_clans_revenge-mp4,605,44,453,27,320,87,78,765,0,697,1,427,279,31,133,223,289,7,0,0,271,236,390,404,2,8,311,144,52,168,424,Positive
2015_universal_jurassic_world-mp4,262,454,347,663,233,91,306,632,0,218,1,555,732,74,230,696,481,7,0,0,282,419,33,227,2,8,496,10,47,43,130,Negative
2015_pepsi_halftime_touches_down-mp4,117,144,323,437,379,563,240,468,0,642,1,441,730,98,153,495,259,9,1,1,464,431,76,128,0,3,299,91,41,367,54,Negative
2015_dove_men_care_realstrength-mp4,181,559,639,622,590,3,218,518,0,37,0,221,91,4,191,267,745,18,0,1,257,101,612,758,1,3,413,439,41,261,370,Negative
2015_wix_itsthateasy-mp4,487,396,425,523,95,337,246,714,0,453,1,34,336,170,54,743,274,25,0,0,456,97,699,203,2,3,155,209,41,110,216,Positive
2015_budweiser_brewed_the_hard_way-mp4,308,481,300,550,620,558,289,330,0,75,1,695,545,208,153,655,655,11,0,0,67,39,105,637,2,8,45,462,47,103,473,Negative
2015_eat24-1-mp4,491,12,59,292,346,123,140,66,0,166,1,246,771,173,31,454,44,11,0,0,184,228,131,252,2,8,605,175,41,375,210,Neutral
2015_jeep_renegade_beautiful_lands-mp4,292,367,468,676,252,272,257,352,0,781,1,477,557,268,191,517,521,2,0,0,20,166,227,80,2,3,613,71,41,356,149,Negative
2015_universal_fifty_shades_of_grey-mp4,338,335,249,409,374,477,209,518,0,470,0,865,111,109,228,57,179,7,0,0,175,408,605,343,2,8,414,191,10,375,251,Positive
2015_lexus_rc2_lets_play-mp4,43,421,177,508,145,521,276,536,0,593,1,248,523,181,54,499,640,2,0,0,273,379,480,223,2,8,130,281,41,123,27,Negative
2015_chevy_colorado_4g_lte_wi-fi-mp4,338,249,623,409,454,478,218,533,0,470,0,237,730,117,228,166,671,7,0,0,291,417,435,553,2,3,422,532,10,343,342,Positive
2015_universal_pitch_perfect_2-mp4,523,156,358,84,633,43,66,327,0,686,0,102,767,45,54,462,549,7,0,0,175,54,719,107,2,8,645,207,47,375,231,Positive
2015_nbc_the_voice_epic_confrontation-mp4,233,155,455,185,207,90,29,641,0,579,1,785,365,122,138,377,756,7,0,0,427,151,186,303,2,8,246,207,47,375,337,Neutral
2015_sprint_super_apology-mp4,63,214,624,409,564,159,302,533,0,470,0,218,113,114,27,331,590,26,0,0,269,71,705,422,2,3,230,106,37,35,249,Negative
2016_acura_nsx_what_he_said-mp4,156,171,144,433,379,415,199,536,0,35,0,829,730,235,172,589,553,2,0,0,291,308,435,553,2,5,558,302,47,273,342,Neutral
2016_fitbit_blaze_dualities-mp4,336,502,571,414,491,541,236,284,0,459,1,193,85,20,69,317,261,25,0,0,368,179,485,468,2,3,426,118,41,117,433,Negative
2016_budweiser_notbackingdown-mp4,355,231,618,326,495,562,236,167,0,504,1,700,412,105,74,536,26,22,0,0,67,295,620,243,2,3,454,504,41,251,145,Negative
2016_death_wish_coffee_storms_a_brewin-mp4,263,300,610,139,208,211,29,766,0,202,1,475,698,127,233,430,130,11,0,0,105,3,89,435,2,3,339,60,47,130,181,Negative
2016_honda_ridgeline_a_new_truck_to_love-mp4,464,478,154,480,448,434,205,465,0,502,1,184,658,133,194,728,148,2,0,0,327,103,710,64,2,3,529,364,60,304,356,Neutral
2016_kia_optima_walken_closet-mp4,481,479,663,31,121,105,121,444,0,117,1,500,331,43,153,232,628,2,0,0,258,75,185,148,2,3,119,164,41,298,56,Neutral
2016_doritos_doritos_dogs-mp4,470,83,584,379,657,185,9,461,0,607,0,885,730,26,54,463,777,22,0,0,193,85,231,43,2,3,574,267,37,225,227,Negative
2016_heinz_ketchup_wiener_stampede-mp4,74,9,492,368,315,57,135,95,0,533,1,300,400,246,179,444,213,11,0,0,231,243,201,829,2,2,277,366,43,169,104,Neutral
2016_advil_distant_memory-mp4,62,218,168,287,539,449,140,90,0,104,1,354,600,35,230,612,858,12,0,1,309,207,667,859,2,3,513,11,47,58,89,Negative
2016_colgate_everydropcounts-mp4,431,267,453,626,187,402,199,810,0,646,0,17,730,273,78,815,235,12,0,0,291,33,310,457,2,3,323,489,54,156,254,Neutral
2016_coca-cola_mini-1-mp4,176,125,13,6,150,329,218,526,0,175,1,711,730,79,118,560,632,11,0,0,380,258,726,544,2,8,226,153,37,375,441,Negative
2016_oicisdifferent-com_envy-mp4,10,487,316,169,575,449,293,495,0,393,0,459,243,189,17,606,240,12,0,1,336,99,639,773,2,3,330,275,41,129,87,Neutral
2016_mobile_strike_arnolds_fight-mp4,170,338,126,442,147,357,279,518,0,52,0,837,143,118,138,128,52,7,0,0,264,182,20,287,2,8,311,196,52,270,92,Positive
2017_audi_daughter-1-mp4,6,544,47,409,573,474,199,253,0,39,0,631,692,46,229,833,825,2,0,0,53,79,174,157,2,3,547,172,41,299,152,Negative
2017_bai_justin_timberlake_christopher_walken-mp4,688,487,136,634,379,144,263,553,0,511,0,50,177,30,191,264,329,11,0,0,243,189,286,414,2,3,555,273,50,216,352,Negative
2017_hr_block_with_ibm_watson_future-mp4,411,301,166,334,312,467,298,392,0,43,1,455,227,180,63,638,393,10,0,0,418,100,358,11,2,3,444,246,41,331,164,Negative
2017_gnc_couragetochange-1-mp4,641,293,316,353,457,441,257,795,0,207,0,112,93,230,192,279,287,12,0,1,357,273,165,365,2,8,127,308,47,375,440,Positive
2017-nfl-baby-legends-whos-next-mp4,350,462,623,594,289,272,2,151,0,409,0,653,66,193,191,500,557,5,1,0,94,23,507,374,2,2,277,94,41,285,149,Neutral
2017_mr_clean_cleaner_of_your_dreams-mp4,468,184,627,66,563,34,236,331,0,328,1,705,98,26,228,290,776,22,0,0,102,87,307,250,2,3,344,284,37,225,105,Negative
2017_sprint_extreme_measures-mp4,12,558,624,260,260,137,64,347,0,169,0,0,135,30,229,5,689,25,0,0,268,80,706,126,2,3,230,107,40,36,386,Positive
2017-fiji-water-natures-gift2-mp4,505,120,96,599,169,370,205,368,0,757,1,280,150,132,157,428,821,11,0,0,70,327,292,635,2,3,615,273,33,357,279,Positive
2017_beats_by_dre_be_heard-mp4,188,86,272,607,181,563,248,63,0,539,1,324,49,223,204,394,357,25,0,0,308,54,296,59,2,8,563,31,41,95,177,Neutral
2017 Hyundai - A Better Super Bowl,161,209,263,127,529,31,286,505,0,30,1,67,426,154,24,100,35,2,0,0,57,152,459,578,2,3,473,230,41,325,331,Neutral
2017-buschhhh-mp4,466,514,137,478,499,156,297,494,0,290,1,187,38,103,238,326,421,11,0,0,67,286,456,412,1,3,468,49,37,284,91,Negative
2018_tide_campaign-mp4,635,411,21,375,344,411,140,683,1,625,1,576,321,55,216,169,248,22,0,1,234,211,175,747,2,3,50,222,37,229,456,Negative
2018_groupon_who_wouldnt-1-mp4,684,350,109,673,521,123,26,72,0,643,1,802,144,92,229,764,363,22,0,0,138,54,704,689,2,8,623,548,43,375,149,Negative
2018_coca-cola_the_wonder_of_us-mp4,69,382,530,84,402,292,186,350,0,129,1,512,539,163,200,809,294,11,0,0,380,46,371,606,2,8,180,466,68,375,238,Positive
2018_bud_light_the_bud_light_knight-mp4,259,111,529,404,27,141,20,324,0,425,1,367,255,45,96,64,23,11,0,0,67,255,231,111,1,3,41,477,37,103,195,Neutral
2018_doritos_blaze_vs_mtn_dew_ice-mp4,120,154,98,336,380,175,81,47,0,512,1,604,141,139,214,425,561,11,0,0,370,35,159,479,2,8,648,12,40,375,440,Negative
2018_kia_steven_tyler_feel_something_again-mp4,516,373,490,206,215,17,27,125,0,597,1,690,166,228,191,412,339,2,0,0,318,101,48,320,2,8,111,123,41,123,41,Negative
2018_nbc_winter_olympics_best_of_us-mp4,287,357,105,471,654,451,294,567,0,662,0,520,544,219,216,397,407,24,0,0,465,313,218,312,2,3,288,43,41,285,171,Negative
2018_toyota_good_odds-mp4,131,306,453,332,175,424,259,371,0,417,0,602,283,223,216,376,745,24,0,0,49,274,317,670,2,8,351,27,10,96,256,Negative
2018_diet_coke_twisted_mango_groove-mp4,64,20,595,384,287,295,137,847,0,108,1,357,120,87,221,176,212,11,0,0,84,26,725,662,0,8,223,52,41,375,108,Negative
2018-nfl-touchdown-celebrations-to-come-mp4,24,184,19,528,157,400,248,158,0,368,1,145,290,51,205,832,513,24,1,0,389,403,509,777,2,8,570,16,52,23,212,Negative
2018_ram_trucks_dr_martin_luther_king_jr_built_to_serve-mp4,431,200,448,7,366,204,279,647,0,147,0,742,640,155,9,447,696,5,0,0,148,273,167,418,2,8,598,503,24,327,135,Positive
2018_bud_light_ye_olde_pep_talk-mp4,254,409,620,404,379,447,234,219,0,613,0,107,122,176,216,351,602,11,0,0,67,255,241,509,2,3,292,477,37,103,192,Negative
2018_diet_coke_life_is_short2-mp4,443,489,100,365,434,116,9,777,0,651,1,774,51,45,205,343,299,11,0,0,132,45,263,656,2,8,163,496,47,375,91,Positive
2018_avocados_from_mexico_guacworld-mp4,467,45,214,360,400,123,26,312,0,523,1,680,42,45,216,212,238,11,0,0,60,360,287,396,2,3,332,478,41,217,149,Negative
2018_turbotax_the_thing_under_the_bed-mp4,146,329,29,188,379,95,263,356,0,96,1,169,687,43,180,572,583,10,0,0,420,207,671,259,2,3,21,559,41,331,456,Negative
2018-turkish-airlines-5-senses-with-dr-oz-mp4,284,419,681,147,653,201,269,526,0,618,0,497,623,186,230,564,345,29,0,0,439,271,43,342,2,8,106,539,41,83,172,Positive
2018-squarespace-make-it-with-keanu-reeves-mp4,272,378,613,600,53,510,257,401,0,220,1,497,124,225,54,808,637,2,0,0,280,270,226,537,2,8,63,60,41,272,465,Positive
2018_etrade_this_is_getting_old-mp4,447,502,503,459,472,430,257,242,0,88,0,33,133,43,12,58,11,10,0,0,303,255,13,261,2,7,195,431,41,280,468,Positive
2018 Prime Video Tom Clancy??s Jack Ryan,536,423,307,146,579,324,218,160,0,180,1,172,704,201,33,412,192,7,0,0,408,104,592,443,2,3,224,197,41,183,445,Neutral
2018_amazon_alexa_loses_her_voice-2-mp4,525,478,568,597,343,141,140,390,0,303,1,633,25,43,46,448,697,25,0,0,364,207,363,843,2,3,427,175,41,334,149,Positive
2018_mms_mms_again-1-mp4,344,486,287,395,166,563,204,519,0,149,1,646,280,52,178,75,145,11,0,0,97,297,299,675,2,3,355,254,41,128,314,Neutral
2018_toyota_one_team-1-mp4,27,48,270,204,402,116,69,211,0,683,1,813,730,168,51,443,498,2,0,0,51,103,316,668,2,8,570,33,37,325,149,Neutral
2018_mms_human-mp4,511,441,464,306,315,140,154,414,0,766,1,644,730,87,226,120,455,11,0,0,315,243,256,482,2,8,144,292,47,17,264,Neutral
2019-doritos-chance-the-rapper-backstreet-boys-mp4,651,190,130,499,199,542,189,17,0,403,1,332,179,257,213,478,610,11,0,0,370,54,135,741,2,8,481,147,67,182,406,Negative
2019-toyota-supra-wizard-mp4,113,147,383,243,226,16,85,526,0,214,1,607,550,51,142,245,490,2,0,0,394,319,148,406,2,8,160,12,41,323,436,Negative
2019_expensify_this_2_chains_adam_scott-mp4,101,142,654,252,189,131,34,163,0,296,1,378,646,45,54,77,609,10,0,0,162,380,399,669,2,3,122,511,1,407,140,Negative
2019 Burger King Super Bowl Ad &quot;Eat Like Andy&quot;,445,208,66,238,463,413,223,2,0,478,1,144,151,156,168,313,679,11,0,0,169,19,75,270,2,3,131,90,47,93,199,Negative
2019-colgate-close-talker-mp4,445,256,291,616,98,137,21,694,0,359,1,841,127,79,216,26,482,12,0,1,433,129,666,85,2,3,85,273,41,56,368,Neutral
2019-t-mobile-dad-1-mp4,78,546,625,36,553,158,248,518,0,470,1,334,504,115,19,3,612,25,0,0,268,261,145,188,2,3,377,174,52,269,389,Neutral
2019 Sprint Best of Both Worlds,309,507,634,36,223,161,26,10,0,40,1,882,668,35,230,2,79,25,0,0,262,428,61,688,2,3,505,549,39,271,72,Neutral
2019-lyft-x-t-mobile-were-here-for-you-mp4,78,219,563,37,638,162,239,523,0,470,0,801,503,292,187,465,750,25,0,0,423,84,559,610,2,3,394,519,52,148,70,Negative
2019-t-mobile-well-keep-this-brief-mp4,486,556,661,353,651,288,199,365,0,236,0,498,523,11,54,508,711,15,0,0,291,308,435,553,2,3,475,309,47,235,342,Positive
2019_pringles_sad_device-mp4,683,437,657,511,435,222,12,708,1,448,1,13,655,55,105,740,575,11,0,0,370,278,262,829,2,8,375,478,37,410,412,Neutral
2019-taco-bell-x-t-mobile-whate28099s-for-dinner-mp4,56,172,630,61,17,255,263,38,0,730,0,628,609,43,190,821,271,11,0,0,187,207,388,254,2,3,418,112,6,60,456,Negative
2019-michelob-ultra-pure-mp4,469,487,310,605,632,194,106,844,0,525,1,394,695,209,153,652,599,11,0,0,67,164,439,634,2,8,455,97,47,415,337,Negative
2019 Bud Light Trojan Horse Occupants,379,283,279,302,13,5,272,705,0,427,1,665,62,43,242,823,706,11,0,0,67,250,389,623,1,8,546,135,43,375,69,Negative
2019 Bud Light Game of Thrones Joust,256,486,534,264,51,240,121,607,0,151,1,681,322,43,181,542,246,11,0,0,67,204,238,653,2,3,293,477,6,104,14,Negative
2019 Turkish Airlines The Journey,225,293,370,449,604,137,218,517,0,391,0,508,730,88,230,420,767,7,0,0,291,281,432,289,2,8,445,207,47,346,272,Negative
2019-pepsi-more-than-ok-mp4,592,53,108,505,286,123,166,16,0,144,1,548,439,87,216,144,589,11,0,0,84,54,136,529,2,8,481,579,37,375,383,Positive
2019-verizon-the-coach-who-wouldne28099t-be-here-mp4,445,518,275,628,562,437,224,270,0,282,0,741,522,76,12,561,149,7,0,0,338,101,118,446,2,3,190,505,11,22,254,Negative
2019 Avocados From Mexico ?C Top Dog,622,530,119,237,504,180,26,340,1,255,1,93,42,248,244,803,796,11,0,0,60,234,486,55,2,3,28,273,41,202,377,Neutral
2019_microsoft_we_all_win-mp4,416,413,104,59,417,436,257,809,0,356,1,170,161,58,12,413,580,25,0,0,35,101,314,407,2,2,222,266,47,399,363,Negative
2019-verizon-the-team-that-wouldnt-be-here-mp4,506,293,672,613,578,424,223,792,0,208,0,220,660,291,177,561,605,7,0,0,401,105,85,373,2,8,29,498,47,204,270,Neutral
2019 Bud Light Medieval Barbers,283,122,369,318,13,101,162,662,0,325,1,779,76,180,33,134,522,11,0,0,239,215,271,573,1,8,641,477,37,375,69,Negative
2019_kia_the_great_unk_what_if-mp4,438,412,481,177,391,564,223,139,1,407,0,299,603,91,229,274,816,0,0,0,291,54,599,770,2,3,215,487,41,211,45,Neutral
2019 Bud Light Special Delivery,114,360,256,226,323,360,121,470,1,274,1,211,70,43,150,318,195,11,0,0,67,240,522,573,2,8,404,273,37,375,192,Negative
2020 Walmart Famous Visitors,675,416,681,460,469,359,264,342,0,220,0,479,552,36,216,421,641,7,0,0,22,311,107,672,2,8,493,206,52,31,345,Negative
2020_planters_road_trip-mp4,624,366,516,20,206,143,31,89,0,115,1,856,130,248,48,130,139,2,0,0,40,219,472,234,2,8,653,291,47,390,291,Negative
2020-discover-yes-mp4,91,63,365,414,104,160,259,522,0,570,1,126,20,23,216,190,37,10,0,0,117,135,683,434,2,8,147,502,54,327,447,Negative
2020-turbotax-all-people-are-tax-people-6-mp4,609,257,200,465,358,502,309,159,0,722,1,153,129,61,196,775,315,10,0,0,416,65,10,253,2,3,240,297,54,331,158,Negative
2020 Jeep Groundhog Day,423,425,194,389,407,315,44,548,0,663,1,706,463,55,114,93,582,2,0,0,14,255,204,330,2,3,84,226,31,169,353,Neutral
2020 Porche Super Bowl Ad &quot;The Heist&quot;,227,295,89,449,391,234,303,624,0,205,0,35,730,79,229,220,169,2,0,0,245,397,293,321,2,3,95,60,1,123,34,Negative
2020-sodastream-water-on-mars-mp4,522,116,493,586,144,165,121,104,0,15,1,654,200,36,216,123,115,11,0,0,388,167,279,465,2,8,536,273,41,318,279,Neutral
2020 Audi Let It Go,89,255,614,39,253,342,76,345,0,756,0,75,363,212,191,525,247,2,0,0,448,101,514,391,2,8,431,12,41,375,149,Neutral
2020-microsoft-be-the-one-with-katie-sowers-mp4,159,172,156,639,190,425,257,260,0,676,0,328,50,192,12,603,596,24,0,0,395,140,318,357,2,8,352,35,47,324,46,Neutral
2020 PG (Procter &amp; Gamble) When We Come Together with Sofia Vergara,611,15,193,390,276,112,33,68,0,355,1,150,180,55,99,491,780,18,0,1,130,55,259,524,2,3,197,456,41,65,178,Neutral
2020-little-caesars-best-thing-since-mp4,637,28,265,55,433,222,140,196,1,412,1,200,60,43,80,716,20,11,0,0,329,428,62,220,2,3,50,224,37,174,456,Negative
2020-budweiser_typical_american-1-mp4,521,327,309,88,78,59,54,756,0,74,1,695,474,79,200,801,77,11,0,0,67,51,481,797,2,3,45,477,37,79,417,Negative
Top 5 Super Bowl Ads of 2020,360,502,291,49,85,123,121,245,0,326,1,418,462,58,12,474,113,10,0,0,279,323,145,196,2,3,52,285,41,221,391,Neutral
2021-toyota-jessica-longs-story-mp4,29,113,62,604,308,103,293,385,0,750,1,505,582,200,72,477,743,2,0,0,51,105,638,594,2,3,286,56,41,300,254,Neutral
2021_rocketmortgage_certain_is_better_morgan_bosa-mp4,60,38,393,297,321,123,121,450,0,136,1,851,614,43,35,640,224,10,0,0,279,293,683,122,2,3,612,282,41,221,391,Neutral
2021_cadillac_lyriq_scissor_hands_free-mp4,250,288,582,608,118,523,205,487,0,594,0,529,647,45,54,549,311,2,0,0,154,105,346,771,2,3,610,402,41,136,144,Negative
2021 Cheetos It Wasn&#039;t Me,581,212,364,485,344,141,148,161,1,461,1,835,94,55,207,183,597,11,0,0,370,255,256,494,2,8,219,575,41,410,149,Negative
2021-turbotax-spreading-tax-expertise-across-the-land-mp4,271,119,118,538,373,331,121,681,0,225,1,860,696,43,12,774,484,10,0,0,418,243,194,334,2,3,41,415,41,331,293,Negative
2021_hellmanns_fairy_god_mayo-mp4,687,19,457,386,284,112,140,248,0,688,1,550,248,55,102,383,140,11,0,0,254,134,207,269,2,3,277,175,37,169,115,Negative
2021_rocketmortgage_certain_is_better_morgan_bautista_koshy-mp4,462,472,572,370,509,123,34,666,0,788,1,485,678,43,200,276,642,10,0,0,278,114,687,121,2,3,277,359,41,221,149,Negative
2021-robinhood-we-are-all-investors-mp4,620,528,331,343,566,438,180,372,0,86,1,832,794,45,54,502,693,17,0,1,197,0,12,840,2,8,354,0,47,380,296,Neutral
2021_bud_light_legends-mp4,149,108,93,225,8,220,31,471,1,289,1,371,615,43,231,43,493,11,0,0,67,204,235,510,2,8,291,453,63,375,192,Neutral
2021-mercari-get-your-unused-things-back-in-the-game-mp4,656,27,54,228,277,41,246,186,0,411,1,380,401,47,200,439,437,22,0,0,252,101,6,94,2,3,383,562,37,375,117,Positive
2021_pg_come_clean_to_close_the_chore_gap-mp4,654,515,413,73,86,71,254,360,0,783,1,808,781,44,146,787,178,11,0,0,316,173,112,251,2,3,23,114,37,285,104,Neutral
2021_tide_jason_alexander_hoodie-mp4,32,390,453,374,345,141,123,510,0,405,1,130,57,55,111,261,832,22,0,1,235,170,664,260,2,3,71,228,37,285,149,Negative
2021_ubereats_waynes_world_cardi_b-mp4,373,502,76,472,477,127,116,82,0,81,1,746,153,15,123,143,48,11,0,0,242,311,624,521,2,3,4,351,47,188,323,Neutral
2021_verizon_5g_cant_blame_the_lag-mp4,268,487,71,224,378,96,27,614,0,272,1,106,7,43,229,389,737,25,0,0,1,220,382,807,1,8,311,518,41,207,429,Neutral
2021-indeed-the-rising-mp4,428,305,277,118,44,432,293,481,0,96,1,792,585,134,216,678,791,6,0,0,229,101,626,431,2,8,410,126,63,403,295,Neutral
2021 Jeep Super Bowl Commercial The Middle,144,442,87,627,307,493,219,619,0,786,1,476,589,269,160,412,260,2,0,0,20,105,117,498,2,3,48,307,37,70,149,Positive
2021-bud-light-seltzer-lemonade-last-years-lemons-mp4,614,478,674,59,276,222,34,808,0,69,1,554,612,55,106,524,496,11,0,0,43,383,531,590,2,8,545,561,37,268,16,Neutral
2021_guaranteedrate_believe_you_will-mp4,21,12,624,430,295,334,259,757,0,773,1,245,55,224,230,235,262,10,0,0,277,23,686,790,2,3,133,288,54,297,304,Neutral
2021-mms-come-together-dan-levy-mp4,685,447,35,72,656,140,21,742,0,348,1,752,730,79,15,731,702,11,0,0,79,103,233,709,0,3,262,488,37,49,37,Neutral
2021 State Farm Insurance - Stand Ins,490,462,669,54,340,120,121,659,0,64,1,384,377,45,216,742,415,10,0,0,218,207,231,610,2,3,216,499,52,324,246,Neutral
2022 YOUTUBE TV - Strange Choices (1),630,518,289,56,543,119,28,579,0,268,1,523,564,43,44,810,574,7,0,0,409,363,133,517,2,3,423,509,41,325,116,Negative
2022-intuit-quickbooks-and-mailchimp-duality-duets-ft-dj-khaled-mp4,643,512,581,129,106,405,311,302,0,605,1,393,26,231,213,826,258,25,0,0,76,62,629,466,2,3,254,110,49,164,402,Negative
2022-budweiser-a-clydesdales-journey-mp4,395,472,293,584,569,318,215,768,0,623,0,708,730,99,153,818,579,15,0,0,291,101,451,314,2,3,530,344,37,275,287,Negative
2022-rakuten-high-stakes-mp4,633,473,666,356,515,123,26,784,0,241,1,760,218,35,216,277,659,22,0,0,90,383,703,99,2,3,551,205,41,51,464,Negative
2022-lays-golden-memories-seth-rogen-and-paul-rudd-mp4,602,505,131,76,483,498,18,305,0,486,1,754,74,45,12,438,411,11,0,0,334,311,111,129,2,3,542,470,10,311,155,Negative
2022-draftkings-lifes-a-gamble-mp4,592,79,394,219,237,18,94,513,0,595,0,336,375,74,163,407,394,7,0,0,390,351,57,440,2,8,18,60,52,324,225,Negative
2022-verizon-5g-internet-goodbye-cable-mp4,409,480,472,543,130,140,21,824,0,50,1,822,272,45,43,16,631,25,0,0,221,91,343,808,2,8,611,524,37,375,75,Neutral
2022-toyota-brothers-start-your-impossible-mp4,134,486,310,614,174,417,58,435,0,659,1,326,490,232,216,490,309,2,0,0,51,270,568,589,2,3,115,46,41,83,149,Negative
2022-toyota-big-game-commercial-ft-tommy-leslie-and-rashida-the-joneses-_-toyota-tundra-atqiz5pkwwg-mp4,428,404,112,539,3,141,34,779,0,664,1,481,491,35,206,504,476,2,0,0,327,101,584,53,2,3,277,435,41,68,149,Negative
2022-hologic-with-mary-j-blige-mp4,704,463,453,525,542,254,3,571,0,451,0,682,396,56,72,464,664,12,0,1,463,321,298,95,0,3,118,557,1,369,279,Negative
2022-ftx-dont-miss-out-mp4,275,502,462,618,129,141,170,546,0,167,1,385,748,45,229,78,276,10,0,0,121,92,18,255,2,8,397,519,41,402,123,Negative
2022-nissan-thrill-driver-mp4,669,66,172,87,231,123,160,146,0,137,1,382,419,69,119,137,243,7,0,0,282,153,192,748,2,8,497,207,10,11,112,Positive
2022 ETORO - Flying Your Way (1),71,433,618,427,131,318,283,829,0,111,1,731,779,74,54,56,118,10,0,0,375,65,22,729,2,8,432,520,41,268,16,Positive
2022-uber-dont-eats-mp4,689,88,106,544,188,497,220,670,0,247,1,616,293,43,229,177,291,11,0,1,127,115,173,219,2,3,416,117,41,290,85,Negative
2022 AMAZON - Mind Reader (1),695,485,40,131,68,121,17,422,0,56,1,575,517,87,126,422,387,25,0,1,366,288,425,841,2,3,218,525,41,407,149,Negative
2022 META - Old Friends. New fun. (1),247,425,351,690,128,272,258,229,0,220,0,638,140,55,54,293,499,7,0,0,291,227,696,641,2,8,62,60,47,296,291,Positive
2022 AVOCADOS FROM MEXICO - Always Good (1),691,350,284,386,6,120,26,697,0,588,1,74,30,43,12,213,477,11,0,0,60,243,228,442,2,8,361,467,10,203,149,Negative
2022-crypto-com-the-moment-of-truth-mp4,689,305,673,133,91,123,181,818,0,97,1,212,725,180,230,781,410,25,0,0,122,310,5,467,2,8,664,156,41,384,100,Negative
2022-e_trade-baby-off-the-grid-mp4,407,472,571,598,72,239,104,108,0,288,1,391,597,45,54,395,468,10,0,0,223,101,660,561,2,3,407,246,41,245,358,Negative
2022 PLANTERS - Feed the Debate (1),618,4,407,308,11,138,21,707,0,71,1,840,165,43,229,567,591,11,0,0,370,208,386,215,2,3,18,150,37,51,210,Neutral
2022-caesars-sportsbook-sit-down-dinner-mp4,657,527,434,351,661,122,16,306,0,253,0,827,379,75,118,523,191,7,0,0,390,54,270,458,2,3,568,482,1,325,170,Neutral
2022 CUTWATER SPIRITS - Here's to the Lazy Ones (1),348,515,582,409,630,42,293,363,0,517,1,141,112,198,8,521,626,11,0,0,104,286,429,68,2,3,441,445,41,131,443,Neutral
2022-wallbox-can-supercharged-seth-embrace-electricity-again-mp4,187,328,623,432,33,318,209,518,0,370,0,174,749,58,10,369,550,25,0,0,156,101,344,719,2,3,444,201,41,163,385,Negative
2022-salesforce-the-new-frontier-w_-matthew-mcconaughey-mp4,544,379,159,576,303,38,259,173,0,541,0,714,343,196,200,596,673,31,1,0,461,101,576,367,2,3,523,181,41,145,156,Negative
2022-turbotax-matchmaker-mp4,25,515,137,29,634,123,26,839,0,760,1,119,567,58,54,624,531,10,0,0,418,324,691,518,2,3,619,257,41,205,289,Negative
2022 BUD LIGHT NEXT - Zero In The Way Of Possibility (1),697,487,653,574,297,367,119,696,0,251,1,274,208,61,216,90,567,11,0,0,67,103,55,508,2,8,653,472,37,375,41,Neutral
NFL ??Bring Down The House?? Super Bowl 2022 Commercial,477,487,113,45,592,172,167,813,0,411,0,577,625,171,86,172,98,7,0,0,398,224,205,323,2,2,277,32,43,180,419,Negative
2022-greenlight-ill-take-it-mp4,499,514,417,692,8,112,182,577,0,501,1,534,360,45,216,104,717,10,0,0,180,54,387,776,2,2,277,246,37,289,459,Neutral
2022-turkish-airlines-pangea-mp4,648,516,598,41,497,493,199,550,0,45,1,386,395,100,160,142,127,29,0,0,42,160,503,149,2,3,554,328,51,257,73,Negative
2022-rocket-homes-and-rocket-mortgage-dream-house-w_-anna-kendrick-barbie-mp4,37,462,291,671,263,470,26,6,0,160,1,265,225,55,54,361,827,21,0,0,341,275,663,580,0,2,403,283,37,400,348,Positive
2022-kia-ev6-robo-dog-mp4,108,70,408,504,389,272,293,595,0,98,1,28,408,72,223,592,377,2,0,0,151,268,645,695,2,3,582,300,41,336,309,Positive
2022-squarespace-sallys-seashells-w_zendaya-mp4,244,459,629,5,490,469,259,60,0,639,1,798,464,257,6,698,694,22,0,0,353,393,138,817,2,8,255,185,37,397,65,Negative
SuperBowl-Ads.com Top 5 Ads of 2022 (Super Bowl LVI),2,91,560,420,129,480,242,519,0,233,1,379,468,109,139,695,244,25,0,0,18,278,345,27,2,8,236,519,41,375,390,Negative
2022 PEPSI - The Call (1),189,277,278,617,374,235,267,289,0,301,0,805,286,214,154,763,541,7,0,0,289,54,312,461,2,8,616,340,52,10,282,Neutral
2022-chevrolete2808b-electric-silverado-new-generation-mp4,429,490,155,623,119,493,259,354,0,759,1,266,772,37,210,440,592,2,0,0,153,105,339,48,2,3,59,65,41,353,144,Negative
2022 T-MOBILE - Miley Cyrus Sings for 5G Phones (1),88,526,163,510,467,72,121,45,0,159,1,446,126,51,191,812,354,25,0,0,2,54,343,291,2,8,451,517,41,185,263,Negative
DoorDash 2023 Super Bowl Ad ??We Get Groceries?? (1),693,12,545,365,341,123,9,687,0,313,1,285,581,45,111,323,624,11,0,0,195,154,71,197,2,3,351,213,13,215,210,Negative
30-binky-dad-efbd9c-the-2023-kia-telluride-x-pro-all-terrain-awd-suv-mp4,394,350,215,539,374,547,26,252,1,716,1,311,408,43,12,38,440,2,0,0,20,105,215,463,2,3,403,227,41,285,462,Negative
Rakuten 2023 Super Bowl Ad ??Not-So Clueless?? with Alicia Silverstone as Cher Horowitz (1),61,216,104,294,322,191,146,259,0,146,1,223,209,55,81,270,203,22,1,0,89,243,707,98,0,8,658,243,41,412,197,Negative
GM and NETFLIX 2023 Super Bowl Ad ??Why Not an EV???? (1),351,515,291,146,375,123,28,703,0,121,1,256,619,43,229,73,757,2,0,0,157,248,334,267,2,3,401,517,41,123,250,Negative
Pepsi 2023 Super Bowl Ad ??Great Acting or Great Taste???? With Steve Martin (1),480,172,437,286,319,137,31,547,1,492,0,603,565,43,229,419,474,11,0,0,68,207,145,411,2,3,189,87,11,209,125,Negative
31-super-bowl-lvii-57-commercial-google-pixel-7-fixed-on-pixel-2023,47,366,79,357,154,377,42,806,1,717,1,556,4,48,150,354,646,12,0,0,139,246,81,491,2,3,421,180,52,302,442,Neutral
Avocados From Mexico 2023 Super Bowl Ad ??Make it Better?? (1),232,314,104,446,144,166,127,646,1,194,1,532,43,55,216,32,178,11,0,0,60,228,248,296,2,3,18,273,41,202,149,Negative
M&M's 2023 Super Bowl Ad (1),571,172,53,646,138,20,188,787,0,422,1,830,644,258,228,547,215,11,0,0,78,432,250,813,2,2,294,385,47,125,149,Negative
2023_draftkings_everyone-gets-a-free-bet-mp4,556,26,358,672,402,112,69,656,0,420,1,100,694,55,115,409,285,7,0,0,391,356,394,380,2,8,120,497,1,386,98,Neutral
2023_top5_superbowl-ads-mp4,653,260,422,54,547,123,238,713,0,476,1,151,318,168,216,125,32,11,0,0,67,25,596,70,1,3,11,477,60,265,221,Negative
RAM Trucks 2023 Super Bowl ad ????Premature Electrification?? (1),691,389,571,40,97,450,257,494,0,712,1,713,175,58,216,639,229,2,0,0,154,98,678,346,2,3,281,362,41,176,301,Neutral
McDonald's 2023 Pregame Super Bowl Commercial ??Knowing Their Order?? (1),413,504,550,382,117,120,9,807,0,127,1,515,356,87,51,252,688,11,0,0,169,103,213,609,2,8,378,139,37,392,218,Positive
Doritos 2023 Super Bowl Ad ??Jacks New Angle?? (1),160,160,230,242,49,421,34,625,0,404,0,177,562,55,207,244,724,7,0,0,290,146,333,816,2,8,647,207,47,406,237,Positive
Jeep 2023 Super Bowl ad ??Electric Boogie?? (1),17,155,559,242,217,318,263,285,0,470,1,255,63,17,191,12,319,2,0,0,331,101,487,79,2,3,257,374,41,165,376,Positive
NFL 2023 Super Bowl Ad ??Run With It?? with Diana Flores (1),71,551,380,675,367,456,61,213,0,408,0,676,285,245,198,825,396,24,0,0,402,137,623,110,2,8,352,35,1,195,269,Positive
33-turbotax-live-2023-super-bowl-commercial-efbc82dancerefbc82-official-tv-ad-efbc9a45-mp4,130,486,14,174,406,205,61,617,0,135,1,353,688,249,213,334,389,10,0,0,418,165,133,775,2,8,656,25,41,375,425,Negative
betmgm-2024-super-bowl-tom-has-won-enough-mp4,226,298,134,635,258,113,157,76,1,752,1,374,61,77,230,837,154,7,0,0,392,243,323,309,2,8,567,498,54,322,98,Positive
cardi-b-x-nyx-cosmetics-2024-Super-Bowl-commercial-uncut-version,570,14,285,487,111,112,65,263,0,456,1,267,169,9,212,634,182,9,0,1,241,224,717,515,0,8,494,441,41,412,68,Positive
turbotax-2024-super-bowl-sweepstakes-commercial-the-turbotax-super-bowl-file-official-ad-efbc9a45-mp4,588,12,250,416,209,111,34,162,0,693,1,587,355,47,228,604,6,10,0,0,420,400,677,420,2,3,55,249,54,333,403,Positive
